strain	true_subgroup	date	type	subgroup
leaf_0	A	2022-12-16	Train	A
leaf_1	C	2022-12-14	Train	C
leaf_2	A	2022-11-16	Train	A
leaf_3	B	2022-10-18	Train	B
leaf_4	B	2022-10-17	Test	?
leaf_5	A	2022-10-16	Train	A
leaf_6	B	2022-10-11	Test	?
leaf_7	C	2022-10-09	Train	C
leaf_8	B	2022-10-04	Train	B
leaf_9	B	2022-10-04	Train	B
leaf_10	A	2022-10-04	Train	A
leaf_11	C	2022-10-03	Test	?
leaf_12	C	2022-10-02	Train	C
leaf_13	B	2022-09-30	Train	B
leaf_14	B	2022-09-27	Train	B
leaf_15	B	2022-09-24	Train	B
leaf_16	B	2022-09-23	Train	B
leaf_17	C	2022-09-22	Train	C
leaf_18	C	2022-09-21	Train	C
leaf_19	A	2022-09-21	Train	A
leaf_20	C	2022-09-20	Train	C
leaf_21	B	2022-09-19	Train	B
leaf_22	C	2022-09-18	Train	C
leaf_23	C	2022-09-17	Train	C
leaf_24	A	2022-09-16	Test	?
leaf_25	A	2022-09-13	Train	A
leaf_26	B	2022-09-12	Train	B
leaf_27	B	2022-09-12	Test	?
leaf_28	B	2022-09-11	Train	B
leaf_29	A	2022-09-10	Train	A
leaf_30	C	2022-09-09	Train	C
leaf_31	B	2022-09-08	Test	?
leaf_32	C	2022-09-07	Train	C
leaf_33	B	2022-09-07	Train	B
leaf_34	C	2022-09-07	Train	C
leaf_35	B	2022-09-07	Train	B
leaf_36	C	2022-09-04	Train	C
leaf_37	B	2022-09-04	Train	B
leaf_38	B	2022-09-03	Train	B
leaf_39	C	2022-09-03	Train	C
leaf_40	B	2022-09-03	Train	B
leaf_41	A	2022-09-03	Train	A
leaf_42	B	2022-09-02	Test	?
leaf_43	B	2022-09-02	Test	?
leaf_44	C	2022-09-02	Test	?
leaf_45	A	2022-09-01	Train	A
leaf_46	B	2022-09-01	Train	B
leaf_47	B	2022-09-01	Train	B
leaf_48	A	2022-08-31	Train	A
leaf_49	B	2022-08-30	Train	B
leaf_50	C	2022-08-30	Test	?
leaf_51	A	2022-08-30	Train	A
leaf_52	A	2022-08-29	Train	A
leaf_53	B	2022-08-29	Test	?
leaf_54	C	2022-08-29	Train	C
leaf_55	B	2022-08-29	Test	?
leaf_56	B	2022-08-29	Test	?
leaf_57	A	2022-08-29	Train	A
leaf_58	B	2022-08-27	Train	B
leaf_59	A	2022-08-27	Test	?
leaf_60	C	2022-08-27	Train	C
leaf_61	B	2022-08-27	Train	B
leaf_62	B	2022-08-26	Train	B
leaf_63	B	2022-08-26	Test	?
leaf_64	B	2022-08-25	Train	B
leaf_65	B	2022-08-25	Train	B
leaf_66	B	2022-08-25	Train	B
leaf_67	A	2022-08-24	Train	A
leaf_68	C	2022-08-24	Train	C
leaf_69	B	2022-08-24	Train	B
leaf_70	B	2022-08-23	Train	B
leaf_71	C	2022-08-23	Train	C
leaf_72	C	2022-08-23	Train	C
leaf_73	C	2022-08-23	Train	C
leaf_74	A	2022-08-22	Test	?
leaf_75	A	2022-08-22	Train	A
leaf_76	A	2022-08-22	Train	A
leaf_77	A	2022-08-22	Train	A
leaf_78	B	2022-08-22	Train	B
leaf_79	B	2022-08-22	Train	B
leaf_80	C	2022-08-22	Test	?
leaf_81	B	2022-08-21	Train	B
leaf_82	C	2022-08-21	Train	C
leaf_83	C	2022-08-21	Train	C
leaf_84	B	2022-08-20	Train	B
leaf_85	B	2022-08-20	Train	B
leaf_86	B	2022-08-20	Test	?
leaf_87	C	2022-08-20	Test	?
leaf_88	C	2022-08-19	Train	C
leaf_89	A	2022-08-19	Train	A
leaf_90	B	2022-08-19	Train	B
leaf_91	B	2022-08-19	Train	B
leaf_92	C	2022-08-19	Train	C
leaf_93	A	2022-08-19	Train	A
leaf_94	B	2022-08-18	Train	B
leaf_95	A	2022-08-18	Train	A
leaf_96	C	2022-08-17	Train	C
leaf_97	B	2022-08-17	Train	B
leaf_98	A	2022-08-17	Test	?
leaf_99	B	2022-08-17	Train	B
leaf_100	C	2022-08-17	Test	?
leaf_101	B	2022-08-17	Train	B
leaf_102	C	2022-08-17	Train	C
leaf_103	C	2022-08-17	Train	C
leaf_104	A	2022-08-16	Train	A
leaf_105	B	2022-08-16	Train	B
leaf_106	A	2022-08-16	Train	A
leaf_107	C	2022-08-16	Train	C
leaf_108	B	2022-08-16	Train	B
leaf_109	B	2022-08-16	Train	B
leaf_110	B	2022-08-16	Train	B
leaf_111	B	2022-08-16	Train	B
leaf_112	A	2022-08-16	Train	A
leaf_113	C	2022-08-16	Train	C
leaf_114	B	2022-08-16	Train	B
leaf_115	C	2022-08-15	Train	C
leaf_116	A	2022-08-15	Train	A
leaf_117	C	2022-08-15	Train	C
leaf_118	A	2022-08-15	Train	A
leaf_119	C	2022-08-15	Train	C
leaf_120	B	2022-08-15	Train	B
leaf_121	A	2022-08-15	Train	A
leaf_122	C	2022-08-14	Train	C
leaf_123	B	2022-08-14	Test	?
leaf_124	C	2022-08-14	Train	C
leaf_125	B	2022-08-14	Test	?
leaf_126	A	2022-08-14	Train	A
leaf_127	A	2022-08-14	Train	A
leaf_128	B	2022-08-14	Train	B
leaf_129	B	2022-08-14	Train	B
leaf_130	A	2022-08-14	Train	A
leaf_131	A	2022-08-14	Train	A
leaf_132	B	2022-08-13	Test	?
leaf_133	A	2022-08-13	Test	?
leaf_134	A	2022-08-13	Train	A
leaf_135	C	2022-08-13	Test	?
leaf_136	A	2022-08-13	Test	?
leaf_137	C	2022-08-13	Train	C
leaf_138	B	2022-08-13	Train	B
leaf_139	A	2022-08-13	Train	A
leaf_140	B	2022-08-12	Train	B
leaf_141	B	2022-08-12	Train	B
leaf_142	A	2022-08-12	Test	?
leaf_143	C	2022-08-12	Train	C
leaf_144	B	2022-08-12	Test	?
leaf_145	A	2022-08-12	Train	A
leaf_146	A	2022-08-12	Train	A
leaf_147	B	2022-08-12	Train	B
leaf_148	C	2022-08-12	Train	C
leaf_149	A	2022-08-12	Train	A
leaf_150	B	2022-08-12	Train	B
leaf_151	A	2022-08-12	Train	A
leaf_152	B	2022-08-12	Test	?
leaf_153	C	2022-08-11	Test	?
leaf_154	A	2022-08-11	Train	A
leaf_155	B	2022-08-11	Train	B
leaf_156	A	2022-08-11	Train	A
leaf_157	A	2022-08-11	Train	A
leaf_158	B	2022-08-11	Train	B
leaf_159	C	2022-08-11	Train	C
leaf_160	B	2022-08-11	Train	B
leaf_161	C	2022-08-11	Train	C
leaf_162	B	2022-08-11	Test	?
leaf_163	B	2022-08-10	Test	?
leaf_164	A	2022-08-10	Train	A
leaf_165	B	2022-08-10	Train	B
leaf_166	A	2022-08-10	Train	A
leaf_167	B	2022-08-10	Train	B
leaf_168	A	2022-08-10	Train	A
leaf_169	B	2022-08-10	Train	B
leaf_170	B	2022-08-09	Train	B
leaf_171	B	2022-08-09	Train	B
leaf_172	A	2022-08-09	Test	?
leaf_173	B	2022-08-09	Train	B
leaf_174	C	2022-08-09	Train	C
leaf_175	A	2022-08-09	Test	?
leaf_176	B	2022-08-09	Train	B
leaf_177	B	2022-08-09	Train	B
leaf_178	B	2022-08-09	Train	B
leaf_179	A	2022-08-08	Train	A
leaf_180	B	2022-08-08	Train	B
leaf_181	B	2022-08-08	Train	B
leaf_182	C	2022-08-08	Train	C
leaf_183	B	2022-08-08	Train	B
leaf_184	B	2022-08-08	Train	B
leaf_185	C	2022-08-08	Train	C
leaf_186	C	2022-08-08	Train	C
leaf_187	B	2022-08-08	Train	B
leaf_188	B	2022-08-08	Train	B
leaf_189	A	2022-08-08	Train	A
leaf_190	B	2022-08-08	Train	B
leaf_191	B	2022-08-07	Train	B
leaf_192	B	2022-08-07	Train	B
leaf_193	A	2022-08-07	Test	?
leaf_194	C	2022-08-07	Train	C
leaf_195	B	2022-08-07	Train	B
leaf_196	A	2022-08-07	Test	?
leaf_197	B	2022-08-07	Train	B
leaf_198	A	2022-08-07	Train	A
leaf_199	A	2022-08-07	Train	A
leaf_200	C	2022-08-07	Train	C
leaf_201	C	2022-08-07	Train	C
leaf_202	B	2022-08-07	Train	B
leaf_203	B	2022-08-07	Train	B
leaf_204	A	2022-08-06	Test	?
leaf_205	B	2022-08-06	Train	B
leaf_206	B	2022-08-06	Test	?
leaf_207	B	2022-08-06	Train	B
leaf_208	B	2022-08-06	Train	B
leaf_209	C	2022-08-06	Train	C
leaf_210	A	2022-08-06	Test	?
leaf_211	B	2022-08-06	Train	B
leaf_212	B	2022-08-06	Train	B
leaf_213	A	2022-08-06	Train	A
leaf_214	C	2022-08-06	Train	C
leaf_215	A	2022-08-05	Train	A
leaf_216	B	2022-08-05	Train	B
leaf_217	B	2022-08-05	Train	B
leaf_218	B	2022-08-05	Train	B
leaf_219	C	2022-08-05	Train	C
leaf_220	A	2022-08-05	Train	A
leaf_221	C	2022-08-05	Test	?
leaf_222	C	2022-08-05	Train	C
leaf_223	B	2022-08-05	Train	B
leaf_224	A	2022-08-05	Train	A
leaf_225	C	2022-08-05	Train	C
leaf_226	B	2022-08-05	Train	B
leaf_227	B	2022-08-05	Train	B
leaf_228	A	2022-08-05	Train	A
leaf_229	B	2022-08-04	Train	B
leaf_230	A	2022-08-04	Test	?
leaf_231	C	2022-08-04	Train	C
leaf_232	A	2022-08-04	Train	A
leaf_233	A	2022-08-04	Train	A
leaf_234	B	2022-08-04	Train	B
leaf_235	A	2022-08-04	Train	A
leaf_236	B	2022-08-04	Train	B
leaf_237	A	2022-08-04	Train	A
leaf_238	B	2022-08-03	Train	B
leaf_239	B	2022-08-03	Train	B
leaf_240	A	2022-08-03	Train	A
leaf_241	B	2022-08-03	Train	B
leaf_242	A	2022-08-03	Train	A
leaf_243	B	2022-08-03	Train	B
leaf_244	C	2022-08-03	Train	C
leaf_245	C	2022-08-03	Train	C
leaf_246	A	2022-08-03	Test	?
leaf_247	B	2022-08-03	Train	B
leaf_248	C	2022-08-03	Test	?
leaf_249	C	2022-08-03	Train	C
leaf_250	B	2022-08-03	Test	?
leaf_251	B	2022-08-03	Train	B
leaf_252	C	2022-08-03	Train	C
leaf_253	B	2022-08-02	Test	?
leaf_254	C	2022-08-02	Train	C
leaf_255	A	2022-08-02	Train	A
leaf_256	B	2022-08-02	Train	B
leaf_257	A	2022-08-02	Train	A
leaf_258	B	2022-08-02	Train	B
leaf_259	A	2022-08-02	Train	A
leaf_260	B	2022-08-02	Train	B
leaf_261	C	2022-08-02	Train	C
leaf_262	C	2022-08-02	Train	C
leaf_263	B	2022-08-02	Train	B
leaf_264	B	2022-08-02	Train	B
leaf_265	C	2022-08-02	Train	C
leaf_266	C	2022-08-02	Train	C
leaf_267	B	2022-08-01	Train	B
leaf_268	B	2022-08-01	Train	B
leaf_269	A	2022-08-01	Test	?
leaf_270	B	2022-08-01	Train	B
leaf_271	C	2022-08-01	Train	C
leaf_272	B	2022-08-01	Train	B
leaf_273	B	2022-08-01	Train	B
leaf_274	B	2022-08-01	Train	B
leaf_275	B	2022-08-01	Train	B
leaf_276	B	2022-07-31	Train	B
leaf_277	C	2022-07-31	Train	C
leaf_278	C	2022-07-31	Train	C
leaf_279	C	2022-07-31	Train	C
leaf_280	B	2022-07-31	Train	B
leaf_281	C	2022-07-31	Test	?
leaf_282	A	2022-07-31	Test	?
leaf_283	A	2022-07-31	Train	A
leaf_284	B	2022-07-31	Train	B
leaf_285	C	2022-07-31	Train	C
leaf_286	C	2022-07-31	Train	C
leaf_287	B	2022-07-30	Train	B
leaf_288	C	2022-07-30	Train	C
leaf_289	B	2022-07-30	Train	B
leaf_290	B	2022-07-30	Train	B
leaf_291	A	2022-07-30	Train	A
leaf_292	A	2022-07-30	Train	A
leaf_293	C	2022-07-30	Train	C
leaf_294	B	2022-07-30	Train	B
leaf_295	B	2022-07-30	Train	B
leaf_296	C	2022-07-30	Test	?
leaf_297	B	2022-07-29	Train	B
leaf_298	A	2022-07-29	Train	A
leaf_299	C	2022-07-29	Train	C
leaf_300	C	2022-07-29	Train	C
leaf_301	C	2022-07-29	Train	C
leaf_302	C	2022-07-29	Train	C
leaf_303	B	2022-07-29	Train	B
leaf_304	A	2022-07-29	Test	?
leaf_305	B	2022-07-29	Train	B
leaf_306	A	2022-07-29	Train	A
leaf_307	B	2022-07-29	Train	B
leaf_308	A	2022-07-29	Train	A
leaf_309	A	2022-07-29	Train	A
leaf_310	A	2022-07-28	Test	?
leaf_311	B	2022-07-28	Train	B
leaf_312	C	2022-07-28	Train	C
leaf_313	B	2022-07-28	Test	?
leaf_314	C	2022-07-28	Train	C
leaf_315	A	2022-07-28	Test	?
leaf_316	B	2022-07-28	Train	B
leaf_317	A	2022-07-28	Train	A
leaf_318	B	2022-07-28	Train	B
leaf_319	C	2022-07-28	Train	C
leaf_320	B	2022-07-28	Train	B
leaf_321	B	2022-07-28	Test	?
leaf_322	A	2022-07-28	Test	?
leaf_323	B	2022-07-27	Train	B
leaf_324	C	2022-07-27	Train	C
leaf_325	A	2022-07-27	Test	?
leaf_326	B	2022-07-27	Train	B
leaf_327	B	2022-07-27	Test	?
leaf_328	B	2022-07-27	Train	B
leaf_329	B	2022-07-27	Train	B
leaf_330	C	2022-07-27	Train	C
leaf_331	B	2022-07-27	Train	B
leaf_332	B	2022-07-27	Train	B
leaf_333	A	2022-07-27	Train	A
leaf_334	C	2022-07-27	Test	?
leaf_335	B	2022-07-27	Train	B
leaf_336	B	2022-07-27	Train	B
leaf_337	B	2022-07-27	Train	B
leaf_338	A	2022-07-26	Train	A
leaf_339	B	2022-07-26	Train	B
leaf_340	B	2022-07-26	Train	B
leaf_341	A	2022-07-26	Train	A
leaf_342	B	2022-07-26	Train	B
leaf_343	C	2022-07-26	Train	C
leaf_344	A	2022-07-26	Train	A
leaf_345	B	2022-07-26	Train	B
leaf_346	B	2022-07-26	Train	B
leaf_347	B	2022-07-26	Test	?
leaf_348	A	2022-07-26	Train	A
leaf_349	C	2022-07-26	Train	C
leaf_350	C	2022-07-25	Train	C
leaf_351	B	2022-07-25	Test	?
leaf_352	B	2022-07-25	Train	B
leaf_353	B	2022-07-25	Train	B
leaf_354	A	2022-07-25	Train	A
leaf_355	B	2022-07-25	Train	B
leaf_356	B	2022-07-25	Train	B
leaf_357	B	2022-07-25	Train	B
leaf_358	C	2022-07-25	Train	C
leaf_359	C	2022-07-25	Train	C
leaf_360	B	2022-07-25	Train	B
leaf_361	C	2022-07-25	Train	C
leaf_362	B	2022-07-25	Test	?
leaf_363	C	2022-07-25	Train	C
leaf_364	B	2022-07-25	Test	?
leaf_365	C	2022-07-25	Train	C
leaf_366	C	2022-07-24	Train	C
leaf_367	B	2022-07-24	Train	B
leaf_368	C	2022-07-24	Test	?
leaf_369	B	2022-07-24	Test	?
leaf_370	A	2022-07-24	Train	A
leaf_371	A	2022-07-24	Train	A
leaf_372	A	2022-07-24	Train	A
leaf_373	B	2022-07-24	Train	B
leaf_374	B	2022-07-24	Train	B
leaf_375	B	2022-07-24	Train	B
leaf_376	A	2022-07-24	Train	A
leaf_377	B	2022-07-24	Test	?
leaf_378	A	2022-07-24	Train	A
leaf_379	C	2022-07-24	Train	C
leaf_380	A	2022-07-24	Train	A
leaf_381	B	2022-07-24	Train	B
leaf_382	B	2022-07-24	Train	B
leaf_383	C	2022-07-24	Train	C
leaf_384	B	2022-07-24	Train	B
leaf_385	B	2022-07-23	Train	B
leaf_386	B	2022-07-23	Train	B
leaf_387	B	2022-07-23	Train	B
leaf_388	B	2022-07-23	Train	B
leaf_389	C	2022-07-23	Train	C
leaf_390	B	2022-07-23	Train	B
leaf_391	B	2022-07-23	Test	?
leaf_392	B	2022-07-23	Train	B
leaf_393	C	2022-07-23	Train	C
leaf_394	B	2022-07-23	Test	?
leaf_395	B	2022-07-23	Train	B
leaf_396	B	2022-07-23	Train	B
leaf_397	C	2022-07-23	Train	C
leaf_398	B	2022-07-23	Train	B
leaf_399	C	2022-07-23	Train	C
leaf_400	A	2022-07-23	Train	A
leaf_401	B	2022-07-23	Train	B
leaf_402	C	2022-07-23	Test	?
leaf_403	C	2022-07-23	Train	C
leaf_404	C	2022-07-23	Train	C
leaf_405	A	2022-07-23	Train	A
leaf_406	A	2022-07-23	Train	A
leaf_407	B	2022-07-23	Test	?
leaf_408	A	2022-07-23	Test	?
leaf_409	A	2022-07-22	Test	?
leaf_410	A	2022-07-22	Test	?
leaf_411	B	2022-07-22	Train	B
leaf_412	C	2022-07-22	Train	C
leaf_413	C	2022-07-22	Train	C
leaf_414	B	2022-07-22	Train	B
leaf_415	B	2022-07-22	Train	B
leaf_416	C	2022-07-22	Train	C
leaf_417	A	2022-07-22	Train	A
leaf_418	A	2022-07-22	Train	A
leaf_419	C	2022-07-22	Train	C
leaf_420	A	2022-07-22	Test	?
leaf_421	B	2022-07-22	Test	?
leaf_422	C	2022-07-22	Train	C
leaf_423	C	2022-07-22	Train	C
leaf_424	B	2022-07-22	Test	?
leaf_425	B	2022-07-22	Test	?
leaf_426	B	2022-07-22	Train	B
leaf_427	A	2022-07-22	Train	A
leaf_428	A	2022-07-22	Train	A
leaf_429	B	2022-07-22	Test	?
leaf_430	A	2022-07-21	Test	?
leaf_431	B	2022-07-21	Train	B
leaf_432	B	2022-07-21	Train	B
leaf_433	B	2022-07-21	Train	B
leaf_434	A	2022-07-21	Train	A
leaf_435	B	2022-07-21	Train	B
leaf_436	A	2022-07-21	Train	A
leaf_437	A	2022-07-21	Train	A
leaf_438	C	2022-07-21	Train	C
leaf_439	B	2022-07-21	Train	B
leaf_440	A	2022-07-21	Train	A
leaf_441	B	2022-07-21	Train	B
leaf_442	C	2022-07-21	Train	C
leaf_443	C	2022-07-21	Train	C
leaf_444	C	2022-07-21	Train	C
leaf_445	A	2022-07-21	Train	A
leaf_446	B	2022-07-21	Test	?
leaf_447	B	2022-07-21	Test	?
leaf_448	B	2022-07-21	Train	B
leaf_449	C	2022-07-21	Train	C
leaf_450	A	2022-07-21	Train	A
leaf_451	C	2022-07-20	Train	C
leaf_452	B	2022-07-20	Train	B
leaf_453	B	2022-07-20	Train	B
leaf_454	A	2022-07-20	Train	A
leaf_455	B	2022-07-20	Train	B
leaf_456	A	2022-07-20	Train	A
leaf_457	B	2022-07-20	Test	?
leaf_458	C	2022-07-20	Train	C
leaf_459	A	2022-07-20	Train	A
leaf_460	B	2022-07-20	Train	B
leaf_461	B	2022-07-20	Train	B
leaf_462	A	2022-07-20	Test	?
leaf_463	C	2022-07-20	Train	C
leaf_464	B	2022-07-20	Train	B
leaf_465	B	2022-07-20	Train	B
leaf_466	A	2022-07-20	Test	?
leaf_467	A	2022-07-20	Train	A
leaf_468	B	2022-07-20	Train	B
leaf_469	B	2022-07-19	Train	B
leaf_470	B	2022-07-19	Train	B
leaf_471	C	2022-07-19	Train	C
leaf_472	B	2022-07-19	Train	B
leaf_473	B	2022-07-19	Test	?
leaf_474	B	2022-07-19	Test	?
leaf_475	C	2022-07-19	Train	C
leaf_476	B	2022-07-19	Train	B
leaf_477	A	2022-07-19	Train	A
leaf_478	A	2022-07-19	Train	A
leaf_479	A	2022-07-19	Train	A
leaf_480	B	2022-07-19	Test	?
leaf_481	C	2022-07-19	Train	C
leaf_482	A	2022-07-19	Test	?
leaf_483	B	2022-07-19	Train	B
leaf_484	B	2022-07-19	Train	B
leaf_485	B	2022-07-19	Train	B
leaf_486	B	2022-07-19	Train	B
leaf_487	C	2022-07-19	Train	C
leaf_488	C	2022-07-19	Test	?
leaf_489	C	2022-07-19	Train	C
leaf_490	B	2022-07-19	Train	B
leaf_491	A	2022-07-19	Train	A
leaf_492	C	2022-07-19	Train	C
leaf_493	B	2022-07-19	Test	?
leaf_494	A	2022-07-19	Train	A
leaf_495	C	2022-07-18	Train	C
leaf_496	C	2022-07-18	Train	C
leaf_497	A	2022-07-18	Test	?
leaf_498	A	2022-07-18	Test	?
leaf_499	B	2022-07-18	Train	B
leaf_500	C	2022-07-18	Train	C
leaf_501	A	2022-07-18	Test	?
leaf_502	A	2022-07-18	Train	A
leaf_503	B	2022-07-18	Train	B
leaf_504	A	2022-07-18	Test	?
leaf_505	C	2022-07-18	Train	C
leaf_506	B	2022-07-18	Train	B
leaf_507	A	2022-07-18	Train	A
leaf_508	A	2022-07-18	Train	A
leaf_509	B	2022-07-18	Train	B
leaf_510	C	2022-07-18	Train	C
leaf_511	B	2022-07-18	Test	?
leaf_512	B	2022-07-18	Train	B
leaf_513	C	2022-07-18	Test	?
leaf_514	B	2022-07-18	Train	B
leaf_515	C	2022-07-18	Train	C
leaf_516	C	2022-07-18	Train	C
leaf_517	B	2022-07-18	Train	B
leaf_518	A	2022-07-17	Train	A
leaf_519	C	2022-07-17	Test	?
leaf_520	C	2022-07-17	Train	C
leaf_521	B	2022-07-17	Train	B
leaf_522	A	2022-07-17	Test	?
leaf_523	A	2022-07-17	Train	A
leaf_524	C	2022-07-17	Train	C
leaf_525	B	2022-07-17	Train	B
leaf_526	B	2022-07-17	Train	B
leaf_527	A	2022-07-17	Test	?
leaf_528	B	2022-07-17	Train	B
leaf_529	B	2022-07-17	Train	B
leaf_530	B	2022-07-17	Train	B
leaf_531	C	2022-07-17	Test	?
leaf_532	B	2022-07-17	Train	B
leaf_533	B	2022-07-17	Train	B
leaf_534	B	2022-07-17	Train	B
leaf_535	B	2022-07-17	Train	B
leaf_536	C	2022-07-17	Test	?
leaf_537	A	2022-07-17	Train	A
leaf_538	A	2022-07-17	Train	A
leaf_539	C	2022-07-17	Train	C
leaf_540	A	2022-07-17	Train	A
leaf_541	C	2022-07-17	Train	C
leaf_542	A	2022-07-17	Train	A
leaf_543	A	2022-07-17	Test	?
leaf_544	C	2022-07-16	Train	C
leaf_545	B	2022-07-16	Train	B
leaf_546	C	2022-07-16	Train	C
leaf_547	B	2022-07-16	Train	B
leaf_548	B	2022-07-16	Train	B
leaf_549	A	2022-07-16	Train	A
leaf_550	C	2022-07-16	Train	C
leaf_551	A	2022-07-16	Train	A
leaf_552	B	2022-07-16	Train	B
leaf_553	C	2022-07-16	Train	C
leaf_554	A	2022-07-16	Test	?
leaf_555	C	2022-07-16	Test	?
leaf_556	A	2022-07-16	Train	A
leaf_557	B	2022-07-16	Train	B
leaf_558	A	2022-07-16	Train	A
leaf_559	C	2022-07-16	Test	?
leaf_560	A	2022-07-16	Train	A
leaf_561	B	2022-07-16	Train	B
leaf_562	A	2022-07-16	Train	A
leaf_563	C	2022-07-16	Test	?
leaf_564	B	2022-07-16	Train	B
leaf_565	C	2022-07-15	Test	?
leaf_566	B	2022-07-15	Train	B
leaf_567	B	2022-07-15	Train	B
leaf_568	A	2022-07-15	Train	A
leaf_569	B	2022-07-15	Train	B
leaf_570	B	2022-07-15	Train	B
leaf_571	C	2022-07-15	Train	C
leaf_572	B	2022-07-15	Train	B
leaf_573	B	2022-07-15	Train	B
leaf_574	C	2022-07-15	Train	C
leaf_575	A	2022-07-15	Train	A
leaf_576	A	2022-07-15	Train	A
leaf_577	B	2022-07-15	Train	B
leaf_578	B	2022-07-15	Train	B
leaf_579	B	2022-07-15	Train	B
leaf_580	B	2022-07-15	Test	?
leaf_581	C	2022-07-15	Train	C
leaf_582	A	2022-07-15	Train	A
leaf_583	C	2022-07-15	Train	C
leaf_584	B	2022-07-15	Train	B
leaf_585	C	2022-07-15	Train	C
leaf_586	B	2022-07-15	Train	B
leaf_587	C	2022-07-15	Train	C
leaf_588	C	2022-07-15	Test	?
leaf_589	B	2022-07-15	Test	?
leaf_590	B	2022-07-15	Train	B
leaf_591	B	2022-07-15	Test	?
leaf_592	A	2022-07-15	Train	A
leaf_593	B	2022-07-15	Train	B
leaf_594	B	2022-07-15	Train	B
leaf_595	B	2022-07-15	Train	B
leaf_596	A	2022-07-15	Train	A
leaf_597	B	2022-07-15	Train	B
leaf_598	B	2022-07-14	Train	B
leaf_599	B	2022-07-14	Train	B
leaf_600	B	2022-07-14	Train	B
leaf_601	C	2022-07-14	Train	C
leaf_602	B	2022-07-14	Train	B
leaf_603	B	2022-07-14	Test	?
leaf_604	A	2022-07-14	Train	A
leaf_605	B	2022-07-14	Train	B
leaf_606	B	2022-07-14	Train	B
leaf_607	B	2022-07-14	Test	?
leaf_608	B	2022-07-14	Train	B
leaf_609	C	2022-07-14	Train	C
leaf_610	B	2022-07-14	Train	B
leaf_611	B	2022-07-14	Train	B
leaf_612	B	2022-07-14	Train	B
leaf_613	A	2022-07-14	Train	A
leaf_614	C	2022-07-14	Train	C
leaf_615	C	2022-07-14	Train	C
leaf_616	C	2022-07-14	Train	C
leaf_617	B	2022-07-14	Train	B
leaf_618	C	2022-07-14	Train	C
leaf_619	C	2022-07-14	Train	C
leaf_620	C	2022-07-14	Train	C
leaf_621	B	2022-07-14	Test	?
leaf_622	B	2022-07-14	Test	?
leaf_623	C	2022-07-14	Train	C
leaf_624	B	2022-07-14	Train	B
leaf_625	B	2022-07-13	Train	B
leaf_626	B	2022-07-13	Train	B
leaf_627	C	2022-07-13	Train	C
leaf_628	C	2022-07-13	Train	C
leaf_629	B	2022-07-13	Train	B
leaf_630	B	2022-07-13	Train	B
leaf_631	B	2022-07-13	Train	B
leaf_632	A	2022-07-13	Train	A
leaf_633	B	2022-07-13	Train	B
leaf_634	B	2022-07-13	Test	?
leaf_635	B	2022-07-13	Train	B
leaf_636	B	2022-07-13	Train	B
leaf_637	B	2022-07-13	Test	?
leaf_638	B	2022-07-13	Train	B
leaf_639	A	2022-07-13	Train	A
leaf_640	A	2022-07-13	Train	A
leaf_641	A	2022-07-13	Train	A
leaf_642	C	2022-07-13	Train	C
leaf_643	C	2022-07-13	Train	C
leaf_644	C	2022-07-13	Train	C
leaf_645	C	2022-07-13	Train	C
leaf_646	C	2022-07-13	Train	C
leaf_647	B	2022-07-13	Train	B
leaf_648	A	2022-07-13	Train	A
leaf_649	C	2022-07-13	Train	C
leaf_650	A	2022-07-13	Train	A
leaf_651	B	2022-07-13	Test	?
leaf_652	B	2022-07-13	Train	B
leaf_653	A	2022-07-13	Train	A
leaf_654	A	2022-07-13	Train	A
leaf_655	A	2022-07-13	Train	A
leaf_656	B	2022-07-13	Test	?
leaf_657	C	2022-07-13	Train	C
leaf_658	A	2022-07-13	Train	A
leaf_659	B	2022-07-13	Test	?
leaf_660	A	2022-07-13	Train	A
leaf_661	A	2022-07-12	Train	A
leaf_662	C	2022-07-12	Train	C
leaf_663	A	2022-07-12	Test	?
leaf_664	A	2022-07-12	Train	A
leaf_665	B	2022-07-12	Train	B
leaf_666	A	2022-07-12	Train	A
leaf_667	A	2022-07-12	Train	A
leaf_668	A	2022-07-12	Train	A
leaf_669	B	2022-07-12	Train	B
leaf_670	A	2022-07-12	Test	?
leaf_671	C	2022-07-12	Train	C
leaf_672	A	2022-07-12	Test	?
leaf_673	B	2022-07-12	Train	B
leaf_674	A	2022-07-12	Train	A
leaf_675	B	2022-07-12	Train	B
leaf_676	C	2022-07-12	Train	C
leaf_677	B	2022-07-12	Train	B
leaf_678	B	2022-07-12	Train	B
leaf_679	B	2022-07-12	Test	?
leaf_680	A	2022-07-12	Test	?
leaf_681	C	2022-07-12	Train	C
leaf_682	B	2022-07-12	Train	B
leaf_683	B	2022-07-12	Train	B
leaf_684	A	2022-07-12	Train	A
leaf_685	B	2022-07-12	Test	?
leaf_686	B	2022-07-12	Train	B
leaf_687	A	2022-07-12	Test	?
leaf_688	C	2022-07-12	Train	C
leaf_689	C	2022-07-12	Train	C
leaf_690	C	2022-07-12	Train	C
leaf_691	C	2022-07-12	Train	C
leaf_692	C	2022-07-11	Train	C
leaf_693	C	2022-07-11	Train	C
leaf_694	A	2022-07-11	Train	A
leaf_695	B	2022-07-11	Train	B
leaf_696	A	2022-07-11	Train	A
leaf_697	C	2022-07-11	Train	C
leaf_698	B	2022-07-11	Train	B
leaf_699	A	2022-07-11	Train	A
leaf_700	C	2022-07-11	Train	C
leaf_701	A	2022-07-11	Train	A
leaf_702	B	2022-07-11	Train	B
leaf_703	C	2022-07-11	Train	C
leaf_704	A	2022-07-11	Train	A
leaf_705	A	2022-07-11	Train	A
leaf_706	B	2022-07-11	Train	B
leaf_707	B	2022-07-11	Train	B
leaf_708	A	2022-07-11	Train	A
leaf_709	B	2022-07-11	Train	B
leaf_710	B	2022-07-11	Train	B
leaf_711	A	2022-07-11	Train	A
leaf_712	B	2022-07-11	Train	B
leaf_713	A	2022-07-11	Train	A
leaf_714	C	2022-07-10	Train	C
leaf_715	B	2022-07-10	Train	B
leaf_716	B	2022-07-10	Train	B
leaf_717	B	2022-07-10	Train	B
leaf_718	B	2022-07-10	Train	B
leaf_719	A	2022-07-10	Train	A
leaf_720	A	2022-07-10	Train	A
leaf_721	A	2022-07-10	Train	A
leaf_722	A	2022-07-10	Train	A
leaf_723	B	2022-07-10	Train	B
leaf_724	C	2022-07-10	Train	C
leaf_725	B	2022-07-10	Train	B
leaf_726	A	2022-07-10	Test	?
leaf_727	A	2022-07-10	Train	A
leaf_728	B	2022-07-10	Train	B
leaf_729	B	2022-07-10	Test	?
leaf_730	A	2022-07-10	Train	A
leaf_731	C	2022-07-10	Train	C
leaf_732	C	2022-07-10	Train	C
leaf_733	B	2022-07-10	Train	B
leaf_734	B	2022-07-10	Train	B
leaf_735	B	2022-07-10	Test	?
leaf_736	A	2022-07-10	Train	A
leaf_737	B	2022-07-10	Test	?
leaf_738	A	2022-07-10	Test	?
leaf_739	C	2022-07-10	Train	C
leaf_740	B	2022-07-10	Test	?
leaf_741	A	2022-07-10	Train	A
leaf_742	C	2022-07-10	Train	C
leaf_743	A	2022-07-10	Train	A
leaf_744	C	2022-07-10	Train	C
leaf_745	B	2022-07-10	Train	B
leaf_746	A	2022-07-10	Train	A
leaf_747	B	2022-07-10	Train	B
leaf_748	C	2022-07-10	Test	?
leaf_749	A	2022-07-09	Train	A
leaf_750	C	2022-07-09	Train	C
leaf_751	B	2022-07-09	Train	B
leaf_752	B	2022-07-09	Train	B
leaf_753	C	2022-07-09	Train	C
leaf_754	B	2022-07-09	Train	B
leaf_755	B	2022-07-09	Train	B
leaf_756	A	2022-07-09	Test	?
leaf_757	A	2022-07-09	Train	A
leaf_758	A	2022-07-09	Train	A
leaf_759	B	2022-07-09	Train	B
leaf_760	C	2022-07-09	Train	C
leaf_761	A	2022-07-09	Train	A
leaf_762	B	2022-07-09	Train	B
leaf_763	A	2022-07-09	Train	A
leaf_764	C	2022-07-09	Train	C
leaf_765	C	2022-07-09	Train	C
leaf_766	B	2022-07-09	Train	B
leaf_767	B	2022-07-09	Train	B
leaf_768	B	2022-07-09	Train	B
leaf_769	C	2022-07-09	Test	?
leaf_770	A	2022-07-09	Train	A
leaf_771	B	2022-07-09	Train	B
leaf_772	A	2022-07-09	Train	A
leaf_773	A	2022-07-09	Test	?
leaf_774	B	2022-07-09	Test	?
leaf_775	A	2022-07-09	Train	A
leaf_776	B	2022-07-08	Train	B
leaf_777	B	2022-07-08	Train	B
leaf_778	B	2022-07-08	Train	B
leaf_779	B	2022-07-08	Train	B
leaf_780	A	2022-07-08	Train	A
leaf_781	B	2022-07-08	Train	B
leaf_782	A	2022-07-08	Train	A
leaf_783	C	2022-07-08	Train	C
leaf_784	C	2022-07-08	Train	C
leaf_785	B	2022-07-08	Train	B
leaf_786	B	2022-07-08	Train	B
leaf_787	B	2022-07-08	Train	B
leaf_788	B	2022-07-08	Train	B
leaf_789	B	2022-07-08	Test	?
leaf_790	A	2022-07-08	Test	?
leaf_791	C	2022-07-08	Train	C
leaf_792	A	2022-07-08	Train	A
leaf_793	A	2022-07-08	Train	A
leaf_794	A	2022-07-08	Train	A
leaf_795	A	2022-07-08	Train	A
leaf_796	B	2022-07-08	Test	?
leaf_797	C	2022-07-08	Test	?
leaf_798	C	2022-07-08	Train	C
leaf_799	A	2022-07-08	Train	A
leaf_800	A	2022-07-08	Test	?
leaf_801	B	2022-07-08	Test	?
leaf_802	A	2022-07-08	Train	A
leaf_803	B	2022-07-07	Train	B
leaf_804	A	2022-07-07	Train	A
leaf_805	B	2022-07-07	Train	B
leaf_806	B	2022-07-07	Train	B
leaf_807	A	2022-07-07	Train	A
leaf_808	C	2022-07-07	Train	C
leaf_809	C	2022-07-07	Train	C
leaf_810	C	2022-07-07	Train	C
leaf_811	C	2022-07-07	Train	C
leaf_812	B	2022-07-07	Train	B
leaf_813	B	2022-07-07	Train	B
leaf_814	B	2022-07-07	Test	?
leaf_815	B	2022-07-07	Test	?
leaf_816	A	2022-07-07	Train	A
leaf_817	C	2022-07-07	Train	C
leaf_818	B	2022-07-07	Train	B
leaf_819	B	2022-07-07	Train	B
leaf_820	C	2022-07-07	Train	C
leaf_821	B	2022-07-07	Test	?
leaf_822	C	2022-07-07	Train	C
leaf_823	B	2022-07-07	Train	B
leaf_824	B	2022-07-06	Test	?
leaf_825	C	2022-07-06	Train	C
leaf_826	A	2022-07-06	Train	A
leaf_827	C	2022-07-06	Train	C
leaf_828	B	2022-07-06	Train	B
leaf_829	C	2022-07-06	Test	?
leaf_830	B	2022-07-06	Train	B
leaf_831	C	2022-07-06	Train	C
leaf_832	B	2022-07-06	Train	B
leaf_833	B	2022-07-06	Train	B
leaf_834	A	2022-07-06	Train	A
leaf_835	C	2022-07-06	Train	C
leaf_836	B	2022-07-06	Train	B
leaf_837	A	2022-07-06	Train	A
leaf_838	B	2022-07-06	Test	?
leaf_839	C	2022-07-06	Test	?
leaf_840	B	2022-07-06	Train	B
leaf_841	B	2022-07-06	Train	B
leaf_842	B	2022-07-06	Train	B
leaf_843	A	2022-07-06	Test	?
leaf_844	A	2022-07-06	Train	A
leaf_845	A	2022-07-06	Train	A
leaf_846	C	2022-07-06	Train	C
leaf_847	C	2022-07-06	Train	C
leaf_848	C	2022-07-06	Train	C
leaf_849	B	2022-07-06	Train	B
leaf_850	A	2022-07-06	Train	A
leaf_851	C	2022-07-06	Train	C
leaf_852	A	2022-07-06	Train	A
leaf_853	C	2022-07-05	Train	C
leaf_854	B	2022-07-05	Train	B
leaf_855	A	2022-07-05	Test	?
leaf_856	C	2022-07-05	Test	?
leaf_857	C	2022-07-05	Train	C
leaf_858	C	2022-07-05	Train	C
leaf_859	B	2022-07-05	Train	B
leaf_860	A	2022-07-05	Train	A
leaf_861	C	2022-07-05	Train	C
leaf_862	A	2022-07-05	Train	A
leaf_863	A	2022-07-05	Test	?
leaf_864	B	2022-07-05	Train	B
leaf_865	C	2022-07-05	Train	C
leaf_866	A	2022-07-05	Train	A
leaf_867	B	2022-07-05	Train	B
leaf_868	B	2022-07-05	Train	B
leaf_869	C	2022-07-05	Train	C
leaf_870	B	2022-07-05	Test	?
leaf_871	B	2022-07-05	Test	?
leaf_872	A	2022-07-05	Train	A
leaf_873	C	2022-07-05	Test	?
leaf_874	B	2022-07-05	Train	B
leaf_875	A	2022-07-05	Train	A
leaf_876	B	2022-07-05	Train	B
leaf_877	C	2022-07-05	Test	?
leaf_878	C	2022-07-04	Train	C
leaf_879	B	2022-07-04	Train	B
leaf_880	A	2022-07-04	Train	A
leaf_881	A	2022-07-04	Train	A
leaf_882	B	2022-07-04	Train	B
leaf_883	B	2022-07-04	Train	B
leaf_884	B	2022-07-04	Train	B
leaf_885	A	2022-07-04	Train	A
leaf_886	B	2022-07-04	Test	?
leaf_887	B	2022-07-04	Train	B
leaf_888	A	2022-07-04	Train	A
leaf_889	A	2022-07-04	Train	A
leaf_890	C	2022-07-04	Train	C
leaf_891	B	2022-07-04	Train	B
leaf_892	A	2022-07-04	Train	A
leaf_893	A	2022-07-04	Train	A
leaf_894	B	2022-07-04	Train	B
leaf_895	A	2022-07-04	Train	A
leaf_896	C	2022-07-04	Train	C
leaf_897	A	2022-07-04	Train	A
leaf_898	B	2022-07-04	Train	B
leaf_899	B	2022-07-04	Train	B
leaf_900	A	2022-07-04	Test	?
leaf_901	C	2022-07-04	Train	C
leaf_902	B	2022-07-04	Train	B
leaf_903	B	2022-07-04	Train	B
leaf_904	A	2022-07-04	Train	A
leaf_905	B	2022-07-03	Test	?
leaf_906	B	2022-07-03	Train	B
leaf_907	A	2022-07-03	Train	A
leaf_908	B	2022-07-03	Train	B
leaf_909	C	2022-07-03	Train	C
leaf_910	C	2022-07-03	Train	C
leaf_911	C	2022-07-03	Train	C
leaf_912	B	2022-07-03	Train	B
leaf_913	A	2022-07-03	Train	A
leaf_914	B	2022-07-03	Train	B
leaf_915	C	2022-07-03	Test	?
leaf_916	B	2022-07-03	Train	B
leaf_917	B	2022-07-03	Train	B
leaf_918	A	2022-07-03	Train	A
leaf_919	A	2022-07-03	Train	A
leaf_920	B	2022-07-03	Train	B
leaf_921	A	2022-07-03	Train	A
leaf_922	A	2022-07-03	Test	?
leaf_923	A	2022-07-03	Train	A
leaf_924	B	2022-07-03	Test	?
leaf_925	C	2022-07-03	Test	?
leaf_926	A	2022-07-03	Train	A
leaf_927	B	2022-07-03	Train	B
leaf_928	A	2022-07-03	Train	A
leaf_929	A	2022-07-03	Train	A
leaf_930	B	2022-07-03	Train	B
leaf_931	B	2022-07-03	Train	B
leaf_932	B	2022-07-03	Test	?
leaf_933	C	2022-07-03	Train	C
leaf_934	B	2022-07-03	Train	B
leaf_935	B	2022-07-02	Train	B
leaf_936	B	2022-07-02	Train	B
leaf_937	C	2022-07-02	Train	C
leaf_938	A	2022-07-02	Train	A
leaf_939	A	2022-07-02	Train	A
leaf_940	B	2022-07-02	Train	B
leaf_941	C	2022-07-02	Train	C
leaf_942	B	2022-07-02	Train	B
leaf_943	A	2022-07-02	Train	A
leaf_944	B	2022-07-02	Train	B
leaf_945	A	2022-07-02	Train	A
leaf_946	C	2022-07-02	Train	C
leaf_947	C	2022-07-02	Train	C
leaf_948	B	2022-07-02	Train	B
leaf_949	A	2022-07-02	Train	A
leaf_950	C	2022-07-02	Train	C
leaf_951	B	2022-07-02	Test	?
leaf_952	C	2022-07-02	Train	C
leaf_953	B	2022-07-02	Train	B
leaf_954	C	2022-07-02	Train	C
leaf_955	A	2022-07-02	Train	A
leaf_956	C	2022-07-02	Train	C
leaf_957	B	2022-07-02	Test	?
leaf_958	C	2022-07-02	Train	C
leaf_959	B	2022-07-02	Train	B
leaf_960	B	2022-07-02	Train	B
leaf_961	C	2022-07-02	Train	C
leaf_962	A	2022-07-02	Train	A
leaf_963	C	2022-07-02	Train	C
leaf_964	B	2022-07-02	Train	B
leaf_965	C	2022-07-02	Test	?
leaf_966	B	2022-07-02	Train	B
leaf_967	A	2022-07-02	Train	A
leaf_968	A	2022-07-02	Test	?
leaf_969	B	2022-07-02	Train	B
leaf_970	C	2022-07-02	Test	?
leaf_971	B	2022-07-02	Train	B
leaf_972	B	2022-07-02	Train	B
leaf_973	A	2022-07-02	Train	A
leaf_974	C	2022-07-02	Test	?
leaf_975	B	2022-07-02	Train	B
leaf_976	C	2022-07-02	Train	C
leaf_977	C	2022-07-02	Train	C
leaf_978	B	2022-07-02	Train	B
leaf_979	C	2022-07-01	Train	C
leaf_980	A	2022-07-01	Test	?
leaf_981	B	2022-07-01	Train	B
leaf_982	C	2022-07-01	Train	C
leaf_983	B	2022-07-01	Train	B
leaf_984	C	2022-07-01	Train	C
leaf_985	A	2022-07-01	Train	A
leaf_986	C	2022-07-01	Train	C
leaf_987	C	2022-07-01	Train	C
leaf_988	C	2022-07-01	Test	?
leaf_989	A	2022-07-01	Test	?
leaf_990	A	2022-07-01	Train	A
leaf_991	C	2022-07-01	Train	C
leaf_992	B	2022-07-01	Train	B
leaf_993	B	2022-07-01	Train	B
leaf_994	C	2022-07-01	Test	?
leaf_995	B	2022-07-01	Test	?
leaf_996	A	2022-07-01	Train	A
leaf_997	B	2022-07-01	Train	B
leaf_998	C	2022-07-01	Train	C
leaf_999	B	2022-07-01	Train	B
leaf_1000	B	2022-07-01	Train	B
leaf_1001	A	2022-07-01	Test	?
leaf_1002	A	2022-07-01	Train	A
leaf_1003	B	2022-07-01	Train	B
leaf_1004	C	2022-07-01	Test	?
leaf_1005	A	2022-07-01	Train	A
leaf_1006	C	2022-07-01	Train	C
leaf_1007	C	2022-07-01	Train	C
leaf_1008	C	2022-07-01	Train	C
leaf_1009	A	2022-07-01	Test	?
leaf_1010	A	2022-07-01	Test	?
leaf_1011	A	2022-07-01	Train	A
leaf_1012	A	2022-07-01	Test	?
leaf_1013	B	2022-07-01	Train	B
leaf_1014	A	2022-07-01	Train	A
leaf_1015	C	2022-07-01	Train	C
leaf_1016	A	2022-07-01	Test	?
leaf_1017	A	2022-07-01	Train	A
leaf_1018	A	2022-06-30	Test	?
leaf_1019	A	2022-06-30	Train	A
leaf_1020	C	2022-06-30	Train	C
leaf_1021	C	2022-06-30	Train	C
leaf_1022	C	2022-06-30	Train	C
leaf_1023	C	2022-06-30	Test	?
leaf_1024	B	2022-06-30	Train	B
leaf_1025	A	2022-06-30	Train	A
leaf_1026	C	2022-06-30	Train	C
leaf_1027	B	2022-06-30	Train	B
leaf_1028	B	2022-06-30	Train	B
leaf_1029	A	2022-06-30	Train	A
leaf_1030	A	2022-06-30	Train	A
leaf_1031	A	2022-06-30	Train	A
leaf_1032	B	2022-06-30	Train	B
leaf_1033	C	2022-06-30	Train	C
leaf_1034	A	2022-06-30	Train	A
leaf_1035	B	2022-06-30	Train	B
leaf_1036	C	2022-06-30	Train	C
leaf_1037	C	2022-06-30	Train	C
leaf_1038	B	2022-06-30	Test	?
leaf_1039	B	2022-06-30	Train	B
leaf_1040	C	2022-06-30	Train	C
leaf_1041	A	2022-06-30	Train	A
leaf_1042	A	2022-06-30	Test	?
leaf_1043	C	2022-06-30	Train	C
leaf_1044	B	2022-06-30	Test	?
leaf_1045	C	2022-06-30	Test	?
leaf_1046	B	2022-06-30	Train	B
leaf_1047	A	2022-06-30	Train	A
leaf_1048	A	2022-06-30	Train	A
leaf_1049	B	2022-06-30	Train	B
leaf_1050	C	2022-06-29	Train	C
leaf_1051	B	2022-06-29	Train	B
leaf_1052	A	2022-06-29	Train	A
leaf_1053	B	2022-06-29	Train	B
leaf_1054	A	2022-06-29	Train	A
leaf_1055	A	2022-06-29	Train	A
leaf_1056	C	2022-06-29	Train	C
leaf_1057	C	2022-06-29	Train	C
leaf_1058	B	2022-06-29	Train	B
leaf_1059	A	2022-06-29	Train	A
leaf_1060	C	2022-06-29	Train	C
leaf_1061	C	2022-06-29	Train	C
leaf_1062	C	2022-06-29	Train	C
leaf_1063	A	2022-06-29	Train	A
leaf_1064	B	2022-06-29	Train	B
leaf_1065	C	2022-06-29	Train	C
leaf_1066	B	2022-06-29	Train	B
leaf_1067	C	2022-06-29	Test	?
leaf_1068	B	2022-06-29	Train	B
leaf_1069	C	2022-06-29	Train	C
leaf_1070	B	2022-06-29	Train	B
leaf_1071	B	2022-06-29	Train	B
leaf_1072	B	2022-06-29	Train	B
leaf_1073	B	2022-06-29	Train	B
leaf_1074	B	2022-06-29	Train	B
leaf_1075	B	2022-06-29	Train	B
leaf_1076	B	2022-06-29	Test	?
leaf_1077	C	2022-06-29	Train	C
leaf_1078	B	2022-06-29	Train	B
leaf_1079	B	2022-06-28	Train	B
leaf_1080	C	2022-06-28	Train	C
leaf_1081	B	2022-06-28	Train	B
leaf_1082	B	2022-06-28	Train	B
leaf_1083	C	2022-06-28	Train	C
leaf_1084	B	2022-06-28	Test	?
leaf_1085	B	2022-06-28	Train	B
leaf_1086	B	2022-06-28	Train	B
leaf_1087	A	2022-06-28	Train	A
leaf_1088	C	2022-06-28	Train	C
leaf_1089	B	2022-06-28	Train	B
leaf_1090	B	2022-06-28	Test	?
leaf_1091	A	2022-06-28	Train	A
leaf_1092	B	2022-06-28	Train	B
leaf_1093	B	2022-06-28	Test	?
leaf_1094	C	2022-06-28	Test	?
leaf_1095	A	2022-06-28	Train	A
leaf_1096	B	2022-06-28	Test	?
leaf_1097	B	2022-06-28	Train	B
leaf_1098	A	2022-06-28	Train	A
leaf_1099	A	2022-06-28	Train	A
leaf_1100	C	2022-06-28	Train	C
leaf_1101	B	2022-06-28	Test	?
leaf_1102	C	2022-06-28	Train	C
leaf_1103	C	2022-06-28	Train	C
leaf_1104	B	2022-06-28	Train	B
leaf_1105	A	2022-06-28	Train	A
leaf_1106	A	2022-06-28	Train	A
leaf_1107	A	2022-06-28	Test	?
leaf_1108	B	2022-06-28	Train	B
leaf_1109	B	2022-06-28	Train	B
leaf_1110	C	2022-06-28	Train	C
leaf_1111	B	2022-06-28	Train	B
leaf_1112	C	2022-06-28	Test	?
leaf_1113	B	2022-06-27	Train	B
leaf_1114	C	2022-06-27	Train	C
leaf_1115	C	2022-06-27	Train	C
leaf_1116	B	2022-06-27	Test	?
leaf_1117	C	2022-06-27	Train	C
leaf_1118	C	2022-06-27	Train	C
leaf_1119	B	2022-06-27	Train	B
leaf_1120	B	2022-06-27	Train	B
leaf_1121	B	2022-06-27	Train	B
leaf_1122	C	2022-06-27	Train	C
leaf_1123	A	2022-06-27	Train	A
leaf_1124	B	2022-06-27	Train	B
leaf_1125	A	2022-06-27	Train	A
leaf_1126	A	2022-06-27	Train	A
leaf_1127	C	2022-06-27	Train	C
leaf_1128	B	2022-06-27	Train	B
leaf_1129	C	2022-06-27	Train	C
leaf_1130	A	2022-06-27	Train	A
leaf_1131	A	2022-06-27	Test	?
leaf_1132	A	2022-06-27	Train	A
leaf_1133	C	2022-06-27	Test	?
leaf_1134	B	2022-06-27	Train	B
leaf_1135	A	2022-06-27	Train	A
leaf_1136	A	2022-06-27	Train	A
leaf_1137	B	2022-06-27	Train	B
leaf_1138	A	2022-06-26	Train	A
leaf_1139	C	2022-06-26	Test	?
leaf_1140	A	2022-06-26	Train	A
leaf_1141	B	2022-06-26	Train	B
leaf_1142	C	2022-06-26	Train	C
leaf_1143	C	2022-06-26	Test	?
leaf_1144	B	2022-06-26	Train	B
leaf_1145	A	2022-06-26	Test	?
leaf_1146	C	2022-06-26	Train	C
leaf_1147	A	2022-06-26	Train	A
leaf_1148	A	2022-06-26	Train	A
leaf_1149	A	2022-06-26	Train	A
leaf_1150	C	2022-06-26	Train	C
leaf_1151	C	2022-06-26	Test	?
leaf_1152	A	2022-06-26	Test	?
leaf_1153	B	2022-06-26	Train	B
leaf_1154	A	2022-06-26	Train	A
leaf_1155	A	2022-06-26	Train	A
leaf_1156	B	2022-06-26	Train	B
leaf_1157	A	2022-06-26	Train	A
leaf_1158	C	2022-06-26	Train	C
leaf_1159	B	2022-06-26	Train	B
leaf_1160	A	2022-06-26	Train	A
leaf_1161	A	2022-06-26	Train	A
leaf_1162	C	2022-06-26	Train	C
leaf_1163	B	2022-06-26	Train	B
leaf_1164	B	2022-06-26	Train	B
leaf_1165	A	2022-06-26	Train	A
leaf_1166	B	2022-06-26	Train	B
leaf_1167	A	2022-06-26	Test	?
leaf_1168	C	2022-06-26	Train	C
leaf_1169	A	2022-06-25	Train	A
leaf_1170	A	2022-06-25	Train	A
leaf_1171	B	2022-06-25	Test	?
leaf_1172	A	2022-06-25	Train	A
leaf_1173	C	2022-06-25	Train	C
leaf_1174	B	2022-06-25	Train	B
leaf_1175	C	2022-06-25	Train	C
leaf_1176	C	2022-06-25	Train	C
leaf_1177	B	2022-06-25	Train	B
leaf_1178	B	2022-06-25	Train	B
leaf_1179	B	2022-06-25	Train	B
leaf_1180	B	2022-06-25	Train	B
leaf_1181	B	2022-06-25	Train	B
leaf_1182	B	2022-06-25	Train	B
leaf_1183	A	2022-06-25	Train	A
leaf_1184	A	2022-06-25	Train	A
leaf_1185	C	2022-06-25	Train	C
leaf_1186	B	2022-06-25	Train	B
leaf_1187	B	2022-06-25	Train	B
leaf_1188	C	2022-06-25	Test	?
leaf_1189	C	2022-06-25	Train	C
leaf_1190	C	2022-06-25	Train	C
leaf_1191	A	2022-06-25	Train	A
leaf_1192	C	2022-06-25	Train	C
leaf_1193	A	2022-06-25	Train	A
leaf_1194	C	2022-06-25	Train	C
leaf_1195	B	2022-06-25	Train	B
leaf_1196	B	2022-06-25	Train	B
leaf_1197	B	2022-06-25	Train	B
leaf_1198	C	2022-06-25	Train	C
leaf_1199	A	2022-06-25	Train	A
leaf_1200	A	2022-06-25	Train	A
leaf_1201	C	2022-06-25	Test	?
leaf_1202	B	2022-06-24	Train	B
leaf_1203	A	2022-06-24	Train	A
leaf_1204	B	2022-06-24	Train	B
leaf_1205	A	2022-06-24	Train	A
leaf_1206	A	2022-06-24	Test	?
leaf_1207	B	2022-06-24	Test	?
leaf_1208	B	2022-06-24	Train	B
leaf_1209	C	2022-06-24	Train	C
leaf_1210	C	2022-06-24	Train	C
leaf_1211	B	2022-06-24	Test	?
leaf_1212	B	2022-06-24	Train	B
leaf_1213	C	2022-06-24	Train	C
leaf_1214	C	2022-06-24	Train	C
leaf_1215	B	2022-06-24	Train	B
leaf_1216	B	2022-06-24	Train	B
leaf_1217	B	2022-06-24	Train	B
leaf_1218	A	2022-06-24	Train	A
leaf_1219	C	2022-06-24	Train	C
leaf_1220	A	2022-06-24	Train	A
leaf_1221	B	2022-06-24	Train	B
leaf_1222	A	2022-06-24	Test	?
leaf_1223	C	2022-06-24	Test	?
leaf_1224	A	2022-06-24	Train	A
leaf_1225	A	2022-06-24	Train	A
leaf_1226	C	2022-06-24	Train	C
leaf_1227	B	2022-06-24	Test	?
leaf_1228	C	2022-06-24	Train	C
leaf_1229	A	2022-06-24	Train	A
leaf_1230	A	2022-06-24	Train	A
leaf_1231	A	2022-06-24	Train	A
leaf_1232	A	2022-06-24	Train	A
leaf_1233	C	2022-06-24	Train	C
leaf_1234	B	2022-06-23	Test	?
leaf_1235	A	2022-06-23	Train	A
leaf_1236	C	2022-06-23	Test	?
leaf_1237	A	2022-06-23	Train	A
leaf_1238	A	2022-06-23	Train	A
leaf_1239	C	2022-06-23	Train	C
leaf_1240	B	2022-06-23	Train	B
leaf_1241	C	2022-06-23	Train	C
leaf_1242	A	2022-06-23	Train	A
leaf_1243	B	2022-06-23	Train	B
leaf_1244	A	2022-06-23	Test	?
leaf_1245	A	2022-06-23	Train	A
leaf_1246	A	2022-06-23	Train	A
leaf_1247	A	2022-06-23	Test	?
leaf_1248	C	2022-06-23	Test	?
leaf_1249	C	2022-06-23	Train	C
leaf_1250	B	2022-06-23	Test	?
leaf_1251	C	2022-06-23	Test	?
leaf_1252	C	2022-06-23	Train	C
leaf_1253	C	2022-06-23	Train	C
leaf_1254	B	2022-06-23	Train	B
leaf_1255	B	2022-06-23	Test	?
leaf_1256	B	2022-06-23	Train	B
leaf_1257	B	2022-06-23	Train	B
leaf_1258	C	2022-06-22	Train	C
leaf_1259	A	2022-06-22	Train	A
leaf_1260	C	2022-06-22	Train	C
leaf_1261	C	2022-06-22	Train	C
leaf_1262	C	2022-06-22	Train	C
leaf_1263	A	2022-06-22	Test	?
leaf_1264	A	2022-06-22	Train	A
leaf_1265	C	2022-06-22	Train	C
leaf_1266	B	2022-06-22	Test	?
leaf_1267	C	2022-06-22	Train	C
leaf_1268	B	2022-06-22	Train	B
leaf_1269	A	2022-06-22	Train	A
leaf_1270	C	2022-06-22	Test	?
leaf_1271	C	2022-06-22	Train	C
leaf_1272	C	2022-06-22	Test	?
leaf_1273	A	2022-06-22	Train	A
leaf_1274	B	2022-06-22	Train	B
leaf_1275	A	2022-06-22	Train	A
leaf_1276	C	2022-06-22	Train	C
leaf_1277	A	2022-06-22	Train	A
leaf_1278	B	2022-06-22	Train	B
leaf_1279	C	2022-06-22	Test	?
leaf_1280	A	2022-06-22	Train	A
leaf_1281	C	2022-06-22	Train	C
leaf_1282	B	2022-06-22	Train	B
leaf_1283	A	2022-06-22	Train	A
leaf_1284	B	2022-06-22	Train	B
leaf_1285	A	2022-06-22	Train	A
leaf_1286	C	2022-06-22	Train	C
leaf_1287	A	2022-06-22	Test	?
leaf_1288	C	2022-06-22	Train	C
leaf_1289	B	2022-06-22	Train	B
leaf_1290	C	2022-06-22	Train	C
leaf_1291	C	2022-06-22	Train	C
leaf_1292	C	2022-06-22	Train	C
leaf_1293	B	2022-06-22	Train	B
leaf_1294	A	2022-06-22	Test	?
leaf_1295	A	2022-06-22	Test	?
leaf_1296	A	2022-06-22	Train	A
leaf_1297	B	2022-06-22	Train	B
leaf_1298	A	2022-06-22	Test	?
leaf_1299	C	2022-06-22	Train	C
leaf_1300	B	2022-06-22	Train	B
leaf_1301	B	2022-06-22	Train	B
leaf_1302	B	2022-06-21	Train	B
leaf_1303	C	2022-06-21	Train	C
leaf_1304	A	2022-06-21	Train	A
leaf_1305	A	2022-06-21	Train	A
leaf_1306	A	2022-06-21	Train	A
leaf_1307	A	2022-06-21	Test	?
leaf_1308	B	2022-06-21	Train	B
leaf_1309	A	2022-06-21	Train	A
leaf_1310	C	2022-06-21	Test	?
leaf_1311	B	2022-06-21	Test	?
leaf_1312	C	2022-06-21	Test	?
leaf_1313	C	2022-06-21	Train	C
leaf_1314	B	2022-06-21	Train	B
leaf_1315	C	2022-06-21	Train	C
leaf_1316	C	2022-06-21	Train	C
leaf_1317	A	2022-06-21	Train	A
leaf_1318	C	2022-06-21	Test	?
leaf_1319	A	2022-06-21	Train	A
leaf_1320	A	2022-06-21	Train	A
leaf_1321	C	2022-06-21	Train	C
leaf_1322	A	2022-06-21	Train	A
leaf_1323	A	2022-06-21	Test	?
leaf_1324	C	2022-06-21	Train	C
leaf_1325	A	2022-06-21	Train	A
leaf_1326	C	2022-06-21	Train	C
leaf_1327	A	2022-06-21	Train	A
leaf_1328	A	2022-06-21	Train	A
leaf_1329	C	2022-06-21	Train	C
leaf_1330	A	2022-06-21	Train	A
leaf_1331	B	2022-06-21	Train	B
leaf_1332	C	2022-06-21	Train	C
leaf_1333	C	2022-06-21	Test	?
leaf_1334	C	2022-06-21	Test	?
leaf_1335	B	2022-06-20	Train	B
leaf_1336	C	2022-06-20	Train	C
leaf_1337	C	2022-06-20	Test	?
leaf_1338	C	2022-06-20	Train	C
leaf_1339	A	2022-06-20	Test	?
leaf_1340	B	2022-06-20	Train	B
leaf_1341	A	2022-06-20	Train	A
leaf_1342	A	2022-06-20	Train	A
leaf_1343	C	2022-06-20	Train	C
leaf_1344	C	2022-06-20	Train	C
leaf_1345	B	2022-06-20	Test	?
leaf_1346	C	2022-06-20	Train	C
leaf_1347	B	2022-06-20	Train	B
leaf_1348	C	2022-06-20	Test	?
leaf_1349	C	2022-06-20	Train	C
leaf_1350	B	2022-06-20	Train	B
leaf_1351	B	2022-06-20	Train	B
leaf_1352	B	2022-06-20	Test	?
leaf_1353	A	2022-06-20	Train	A
leaf_1354	B	2022-06-20	Train	B
leaf_1355	B	2022-06-20	Train	B
leaf_1356	C	2022-06-20	Train	C
leaf_1357	B	2022-06-20	Test	?
leaf_1358	C	2022-06-20	Train	C
leaf_1359	A	2022-06-19	Train	A
leaf_1360	B	2022-06-19	Train	B
leaf_1361	A	2022-06-19	Train	A
leaf_1362	C	2022-06-19	Train	C
leaf_1363	A	2022-06-19	Test	?
leaf_1364	B	2022-06-19	Test	?
leaf_1365	A	2022-06-19	Train	A
leaf_1366	B	2022-06-19	Train	B
leaf_1367	B	2022-06-19	Test	?
leaf_1368	B	2022-06-19	Test	?
leaf_1369	B	2022-06-19	Train	B
leaf_1370	C	2022-06-19	Train	C
leaf_1371	A	2022-06-19	Train	A
leaf_1372	C	2022-06-19	Train	C
leaf_1373	A	2022-06-19	Test	?
leaf_1374	B	2022-06-19	Train	B
leaf_1375	B	2022-06-19	Train	B
leaf_1376	C	2022-06-19	Train	C
leaf_1377	A	2022-06-19	Train	A
leaf_1378	A	2022-06-19	Train	A
leaf_1379	B	2022-06-19	Train	B
leaf_1380	C	2022-06-19	Train	C
leaf_1381	C	2022-06-19	Test	?
leaf_1382	A	2022-06-19	Train	A
leaf_1383	B	2022-06-19	Train	B
leaf_1384	B	2022-06-19	Test	?
leaf_1385	A	2022-06-19	Train	A
leaf_1386	C	2022-06-19	Train	C
leaf_1387	B	2022-06-19	Test	?
leaf_1388	A	2022-06-19	Train	A
leaf_1389	B	2022-06-19	Train	B
leaf_1390	A	2022-06-19	Train	A
leaf_1391	B	2022-06-19	Train	B
leaf_1392	A	2022-06-19	Train	A
leaf_1393	B	2022-06-19	Test	?
leaf_1394	A	2022-06-18	Train	A
leaf_1395	A	2022-06-18	Train	A
leaf_1396	B	2022-06-18	Train	B
leaf_1397	C	2022-06-18	Test	?
leaf_1398	A	2022-06-18	Train	A
leaf_1399	C	2022-06-18	Train	C
leaf_1400	A	2022-06-18	Test	?
leaf_1401	B	2022-06-18	Train	B
leaf_1402	A	2022-06-18	Train	A
leaf_1403	C	2022-06-18	Train	C
leaf_1404	B	2022-06-18	Train	B
leaf_1405	B	2022-06-18	Train	B
leaf_1406	C	2022-06-18	Test	?
leaf_1407	B	2022-06-18	Train	B
leaf_1408	A	2022-06-18	Train	A
leaf_1409	A	2022-06-18	Train	A
leaf_1410	B	2022-06-18	Train	B
leaf_1411	B	2022-06-18	Test	?
leaf_1412	A	2022-06-18	Test	?
leaf_1413	B	2022-06-18	Train	B
leaf_1414	C	2022-06-18	Train	C
leaf_1415	B	2022-06-18	Train	B
leaf_1416	A	2022-06-18	Train	A
leaf_1417	A	2022-06-18	Test	?
leaf_1418	C	2022-06-18	Train	C
leaf_1419	C	2022-06-18	Train	C
leaf_1420	C	2022-06-17	Train	C
leaf_1421	A	2022-06-17	Train	A
leaf_1422	A	2022-06-17	Train	A
leaf_1423	B	2022-06-17	Train	B
leaf_1424	C	2022-06-17	Train	C
leaf_1425	C	2022-06-17	Train	C
leaf_1426	B	2022-06-17	Train	B
leaf_1427	A	2022-06-17	Train	A
leaf_1428	A	2022-06-17	Train	A
leaf_1429	A	2022-06-17	Train	A
leaf_1430	B	2022-06-17	Train	B
leaf_1431	C	2022-06-17	Test	?
leaf_1432	C	2022-06-17	Train	C
leaf_1433	B	2022-06-17	Train	B
leaf_1434	A	2022-06-17	Train	A
leaf_1435	A	2022-06-17	Train	A
leaf_1436	C	2022-06-17	Train	C
leaf_1437	B	2022-06-17	Train	B
leaf_1438	A	2022-06-17	Train	A
leaf_1439	C	2022-06-17	Train	C
leaf_1440	A	2022-06-17	Train	A
leaf_1441	A	2022-06-17	Train	A
leaf_1442	B	2022-06-17	Train	B
leaf_1443	A	2022-06-17	Train	A
leaf_1444	A	2022-06-17	Train	A
leaf_1445	B	2022-06-17	Train	B
leaf_1446	B	2022-06-17	Train	B
leaf_1447	A	2022-06-17	Train	A
leaf_1448	B	2022-06-17	Train	B
leaf_1449	A	2022-06-16	Train	A
leaf_1450	A	2022-06-16	Train	A
leaf_1451	C	2022-06-16	Test	?
leaf_1452	A	2022-06-16	Train	A
leaf_1453	B	2022-06-16	Train	B
leaf_1454	B	2022-06-16	Train	B
leaf_1455	A	2022-06-16	Train	A
leaf_1456	B	2022-06-16	Test	?
leaf_1457	A	2022-06-16	Train	A
leaf_1458	A	2022-06-16	Train	A
leaf_1459	C	2022-06-16	Train	C
leaf_1460	B	2022-06-16	Train	B
leaf_1461	C	2022-06-16	Train	C
leaf_1462	C	2022-06-16	Train	C
leaf_1463	A	2022-06-16	Train	A
leaf_1464	B	2022-06-16	Train	B
leaf_1465	A	2022-06-16	Train	A
leaf_1466	C	2022-06-16	Train	C
leaf_1467	C	2022-06-16	Train	C
leaf_1468	A	2022-06-16	Test	?
leaf_1469	A	2022-06-16	Train	A
leaf_1470	C	2022-06-16	Train	C
leaf_1471	B	2022-06-16	Train	B
leaf_1472	A	2022-06-16	Train	A
leaf_1473	C	2022-06-16	Train	C
leaf_1474	C	2022-06-16	Train	C
leaf_1475	A	2022-06-16	Train	A
leaf_1476	A	2022-06-16	Train	A
leaf_1477	A	2022-06-16	Train	A
leaf_1478	B	2022-06-16	Train	B
leaf_1479	B	2022-06-16	Train	B
leaf_1480	C	2022-06-15	Train	C
leaf_1481	A	2022-06-15	Train	A
leaf_1482	A	2022-06-15	Train	A
leaf_1483	A	2022-06-15	Train	A
leaf_1484	B	2022-06-15	Test	?
leaf_1485	A	2022-06-15	Train	A
leaf_1486	C	2022-06-15	Train	C
leaf_1487	B	2022-06-15	Test	?
leaf_1488	C	2022-06-15	Train	C
leaf_1489	C	2022-06-15	Train	C
leaf_1490	A	2022-06-15	Train	A
leaf_1491	B	2022-06-15	Test	?
leaf_1492	A	2022-06-15	Test	?
leaf_1493	A	2022-06-15	Train	A
leaf_1494	A	2022-06-15	Train	A
leaf_1495	B	2022-06-15	Train	B
leaf_1496	A	2022-06-15	Train	A
leaf_1497	C	2022-06-15	Train	C
leaf_1498	B	2022-06-15	Train	B
leaf_1499	B	2022-06-15	Train	B
leaf_1500	A	2022-06-15	Test	?
leaf_1501	B	2022-06-15	Test	?
leaf_1502	A	2022-06-15	Train	A
leaf_1503	A	2022-06-15	Test	?
leaf_1504	B	2022-06-15	Train	B
leaf_1505	A	2022-06-15	Train	A
leaf_1506	A	2022-06-15	Test	?
leaf_1507	B	2022-06-15	Test	?
leaf_1508	A	2022-06-15	Train	A
leaf_1509	B	2022-06-15	Train	B
leaf_1510	A	2022-06-15	Train	A
leaf_1511	A	2022-06-15	Train	A
leaf_1512	A	2022-06-15	Test	?
leaf_1513	C	2022-06-15	Train	C
leaf_1514	C	2022-06-15	Train	C
leaf_1515	B	2022-06-15	Train	B
leaf_1516	B	2022-06-15	Test	?
leaf_1517	C	2022-06-14	Train	C
leaf_1518	C	2022-06-14	Train	C
leaf_1519	A	2022-06-14	Test	?
leaf_1520	A	2022-06-14	Test	?
leaf_1521	B	2022-06-14	Train	B
leaf_1522	C	2022-06-14	Train	C
leaf_1523	B	2022-06-14	Train	B
leaf_1524	B	2022-06-14	Train	B
leaf_1525	C	2022-06-14	Train	C
leaf_1526	C	2022-06-14	Train	C
leaf_1527	A	2022-06-14	Train	A
leaf_1528	A	2022-06-14	Train	A
leaf_1529	C	2022-06-14	Train	C
leaf_1530	C	2022-06-14	Train	C
leaf_1531	C	2022-06-14	Train	C
leaf_1532	A	2022-06-14	Train	A
leaf_1533	A	2022-06-14	Train	A
leaf_1534	B	2022-06-14	Train	B
leaf_1535	C	2022-06-14	Train	C
leaf_1536	B	2022-06-14	Train	B
leaf_1537	A	2022-06-14	Train	A
leaf_1538	B	2022-06-14	Train	B
leaf_1539	C	2022-06-14	Test	?
leaf_1540	B	2022-06-14	Train	B
leaf_1541	A	2022-06-14	Train	A
leaf_1542	A	2022-06-14	Train	A
leaf_1543	B	2022-06-14	Train	B
leaf_1544	C	2022-06-14	Train	C
leaf_1545	A	2022-06-14	Test	?
leaf_1546	A	2022-06-14	Train	A
leaf_1547	B	2022-06-14	Train	B
leaf_1548	A	2022-06-14	Train	A
leaf_1549	C	2022-06-14	Train	C
leaf_1550	B	2022-06-14	Train	B
leaf_1551	A	2022-06-14	Train	A
leaf_1552	A	2022-06-14	Test	?
leaf_1553	A	2022-06-14	Train	A
leaf_1554	C	2022-06-14	Train	C
leaf_1555	C	2022-06-14	Train	C
leaf_1556	A	2022-06-14	Test	?
leaf_1557	A	2022-06-14	Train	A
leaf_1558	C	2022-06-14	Train	C
leaf_1559	B	2022-06-14	Train	B
leaf_1560	C	2022-06-14	Train	C
leaf_1561	C	2022-06-14	Train	C
leaf_1562	B	2022-06-14	Train	B
leaf_1563	A	2022-06-14	Train	A
leaf_1564	B	2022-06-14	Train	B
leaf_1565	C	2022-06-14	Train	C
leaf_1566	B	2022-06-14	Train	B
leaf_1567	A	2022-06-14	Train	A
leaf_1568	C	2022-06-13	Train	C
leaf_1569	C	2022-06-13	Train	C
leaf_1570	A	2022-06-13	Train	A
leaf_1571	C	2022-06-13	Train	C
leaf_1572	A	2022-06-13	Train	A
leaf_1573	C	2022-06-13	Train	C
leaf_1574	B	2022-06-13	Train	B
leaf_1575	A	2022-06-13	Train	A
leaf_1576	A	2022-06-13	Train	A
leaf_1577	B	2022-06-13	Train	B
leaf_1578	C	2022-06-13	Test	?
leaf_1579	A	2022-06-13	Train	A
leaf_1580	A	2022-06-13	Train	A
leaf_1581	B	2022-06-13	Train	B
leaf_1582	A	2022-06-13	Test	?
leaf_1583	C	2022-06-13	Train	C
leaf_1584	A	2022-06-13	Train	A
leaf_1585	A	2022-06-13	Test	?
leaf_1586	C	2022-06-13	Train	C
leaf_1587	A	2022-06-13	Test	?
leaf_1588	A	2022-06-13	Train	A
leaf_1589	A	2022-06-13	Test	?
leaf_1590	B	2022-06-13	Test	?
leaf_1591	B	2022-06-13	Train	B
leaf_1592	A	2022-06-13	Train	A
leaf_1593	B	2022-06-13	Train	B
leaf_1594	A	2022-06-13	Train	A
leaf_1595	C	2022-06-13	Test	?
leaf_1596	C	2022-06-13	Train	C
leaf_1597	A	2022-06-13	Test	?
leaf_1598	C	2022-06-13	Train	C
leaf_1599	A	2022-06-13	Train	A
leaf_1600	A	2022-06-13	Train	A
leaf_1601	C	2022-06-13	Train	C
leaf_1602	B	2022-06-13	Train	B
leaf_1603	A	2022-06-12	Train	A
leaf_1604	C	2022-06-12	Test	?
leaf_1605	A	2022-06-12	Train	A
leaf_1606	B	2022-06-12	Test	?
leaf_1607	C	2022-06-12	Train	C
leaf_1608	A	2022-06-12	Train	A
leaf_1609	A	2022-06-12	Train	A
leaf_1610	C	2022-06-12	Train	C
leaf_1611	A	2022-06-12	Train	A
leaf_1612	A	2022-06-12	Train	A
leaf_1613	A	2022-06-12	Test	?
leaf_1614	C	2022-06-12	Train	C
leaf_1615	C	2022-06-12	Test	?
leaf_1616	C	2022-06-12	Train	C
leaf_1617	C	2022-06-12	Train	C
leaf_1618	C	2022-06-12	Train	C
leaf_1619	A	2022-06-12	Train	A
leaf_1620	C	2022-06-12	Train	C
leaf_1621	C	2022-06-12	Train	C
leaf_1622	C	2022-06-12	Train	C
leaf_1623	A	2022-06-12	Test	?
leaf_1624	C	2022-06-12	Train	C
leaf_1625	A	2022-06-11	Train	A
leaf_1626	C	2022-06-11	Train	C
leaf_1627	A	2022-06-11	Train	A
leaf_1628	C	2022-06-11	Train	C
leaf_1629	B	2022-06-11	Train	B
leaf_1630	C	2022-06-11	Train	C
leaf_1631	B	2022-06-11	Test	?
leaf_1632	B	2022-06-11	Train	B
leaf_1633	A	2022-06-11	Train	A
leaf_1634	A	2022-06-11	Train	A
leaf_1635	C	2022-06-11	Train	C
leaf_1636	A	2022-06-11	Train	A
leaf_1637	B	2022-06-11	Train	B
leaf_1638	C	2022-06-11	Train	C
leaf_1639	A	2022-06-11	Train	A
leaf_1640	B	2022-06-11	Train	B
leaf_1641	C	2022-06-11	Train	C
leaf_1642	C	2022-06-11	Train	C
leaf_1643	B	2022-06-11	Train	B
leaf_1644	A	2022-06-11	Train	A
leaf_1645	B	2022-06-11	Train	B
leaf_1646	C	2022-06-11	Train	C
leaf_1647	A	2022-06-11	Train	A
leaf_1648	C	2022-06-11	Test	?
leaf_1649	B	2022-06-11	Train	B
leaf_1650	C	2022-06-11	Test	?
leaf_1651	C	2022-06-11	Test	?
leaf_1652	C	2022-06-11	Train	C
leaf_1653	A	2022-06-11	Train	A
leaf_1654	B	2022-06-11	Train	B
leaf_1655	A	2022-06-11	Train	A
leaf_1656	C	2022-06-10	Train	C
leaf_1657	C	2022-06-10	Train	C
leaf_1658	A	2022-06-10	Train	A
leaf_1659	B	2022-06-10	Train	B
leaf_1660	C	2022-06-10	Train	C
leaf_1661	B	2022-06-10	Train	B
leaf_1662	B	2022-06-10	Test	?
leaf_1663	B	2022-06-10	Train	B
leaf_1664	C	2022-06-10	Train	C
leaf_1665	C	2022-06-10	Train	C
leaf_1666	A	2022-06-10	Train	A
leaf_1667	B	2022-06-10	Train	B
leaf_1668	A	2022-06-10	Train	A
leaf_1669	A	2022-06-10	Train	A
leaf_1670	B	2022-06-10	Train	B
leaf_1671	C	2022-06-10	Train	C
leaf_1672	C	2022-06-10	Train	C
leaf_1673	A	2022-06-10	Train	A
leaf_1674	B	2022-06-10	Train	B
leaf_1675	B	2022-06-10	Train	B
leaf_1676	C	2022-06-10	Test	?
leaf_1677	C	2022-06-10	Train	C
leaf_1678	C	2022-06-10	Train	C
leaf_1679	C	2022-06-10	Test	?
leaf_1680	B	2022-06-10	Train	B
leaf_1681	B	2022-06-10	Train	B
leaf_1682	B	2022-06-10	Test	?
leaf_1683	A	2022-06-09	Test	?
leaf_1684	B	2022-06-09	Train	B
leaf_1685	C	2022-06-09	Train	C
leaf_1686	A	2022-06-09	Train	A
leaf_1687	B	2022-06-09	Train	B
leaf_1688	A	2022-06-09	Train	A
leaf_1689	C	2022-06-09	Train	C
leaf_1690	A	2022-06-09	Train	A
leaf_1691	C	2022-06-09	Test	?
leaf_1692	A	2022-06-09	Train	A
leaf_1693	C	2022-06-09	Test	?
leaf_1694	B	2022-06-09	Train	B
leaf_1695	A	2022-06-09	Test	?
leaf_1696	C	2022-06-09	Train	C
leaf_1697	A	2022-06-09	Train	A
leaf_1698	C	2022-06-09	Train	C
leaf_1699	C	2022-06-09	Train	C
leaf_1700	A	2022-06-09	Train	A
leaf_1701	A	2022-06-09	Train	A
leaf_1702	C	2022-06-09	Train	C
leaf_1703	C	2022-06-09	Train	C
leaf_1704	A	2022-06-09	Train	A
leaf_1705	B	2022-06-09	Train	B
leaf_1706	C	2022-06-09	Train	C
leaf_1707	C	2022-06-09	Test	?
leaf_1708	B	2022-06-09	Train	B
leaf_1709	B	2022-06-09	Train	B
leaf_1710	A	2022-06-09	Train	A
leaf_1711	A	2022-06-09	Test	?
leaf_1712	C	2022-06-09	Train	C
leaf_1713	C	2022-06-09	Train	C
leaf_1714	C	2022-06-09	Train	C
leaf_1715	B	2022-06-09	Test	?
leaf_1716	A	2022-06-08	Test	?
leaf_1717	B	2022-06-08	Test	?
leaf_1718	C	2022-06-08	Train	C
leaf_1719	C	2022-06-08	Train	C
leaf_1720	B	2022-06-08	Train	B
leaf_1721	B	2022-06-08	Train	B
leaf_1722	C	2022-06-08	Train	C
leaf_1723	B	2022-06-08	Train	B
leaf_1724	C	2022-06-08	Train	C
leaf_1725	A	2022-06-08	Train	A
leaf_1726	B	2022-06-08	Test	?
leaf_1727	C	2022-06-08	Train	C
leaf_1728	A	2022-06-08	Train	A
leaf_1729	A	2022-06-08	Train	A
leaf_1730	A	2022-06-08	Train	A
leaf_1731	B	2022-06-08	Test	?
leaf_1732	A	2022-06-08	Test	?
leaf_1733	A	2022-06-08	Train	A
leaf_1734	A	2022-06-08	Train	A
leaf_1735	B	2022-06-08	Train	B
leaf_1736	B	2022-06-08	Train	B
leaf_1737	B	2022-06-08	Test	?
leaf_1738	C	2022-06-08	Train	C
leaf_1739	A	2022-06-08	Train	A
leaf_1740	B	2022-06-08	Train	B
leaf_1741	A	2022-06-08	Train	A
leaf_1742	C	2022-06-08	Train	C
leaf_1743	A	2022-06-07	Test	?
leaf_1744	A	2022-06-07	Train	A
leaf_1745	B	2022-06-07	Test	?
leaf_1746	A	2022-06-07	Train	A
leaf_1747	C	2022-06-07	Train	C
leaf_1748	C	2022-06-07	Train	C
leaf_1749	B	2022-06-07	Train	B
leaf_1750	B	2022-06-07	Train	B
leaf_1751	A	2022-06-07	Train	A
leaf_1752	B	2022-06-07	Train	B
leaf_1753	C	2022-06-07	Train	C
leaf_1754	A	2022-06-07	Train	A
leaf_1755	A	2022-06-07	Train	A
leaf_1756	A	2022-06-07	Train	A
leaf_1757	B	2022-06-07	Test	?
leaf_1758	A	2022-06-07	Train	A
leaf_1759	C	2022-06-07	Train	C
leaf_1760	C	2022-06-07	Train	C
leaf_1761	B	2022-06-07	Test	?
leaf_1762	C	2022-06-07	Train	C
leaf_1763	C	2022-06-07	Train	C
leaf_1764	A	2022-06-07	Train	A
leaf_1765	B	2022-06-07	Train	B
leaf_1766	C	2022-06-07	Test	?
leaf_1767	C	2022-06-07	Train	C
leaf_1768	A	2022-06-07	Train	A
leaf_1769	C	2022-06-07	Train	C
leaf_1770	A	2022-06-07	Train	A
leaf_1771	B	2022-06-07	Test	?
leaf_1772	B	2022-06-06	Train	B
leaf_1773	B	2022-06-06	Test	?
leaf_1774	C	2022-06-06	Train	C
leaf_1775	B	2022-06-06	Train	B
leaf_1776	C	2022-06-06	Train	C
leaf_1777	A	2022-06-06	Train	A
leaf_1778	B	2022-06-06	Train	B
leaf_1779	A	2022-06-06	Train	A
leaf_1780	A	2022-06-06	Test	?
leaf_1781	B	2022-06-06	Test	?
leaf_1782	A	2022-06-06	Train	A
leaf_1783	C	2022-06-06	Test	?
leaf_1784	C	2022-06-06	Train	C
leaf_1785	C	2022-06-06	Train	C
leaf_1786	A	2022-06-06	Train	A
leaf_1787	A	2022-06-06	Train	A
leaf_1788	C	2022-06-06	Train	C
leaf_1789	C	2022-06-06	Train	C
leaf_1790	A	2022-06-06	Train	A
leaf_1791	A	2022-06-05	Train	A
leaf_1792	B	2022-06-05	Test	?
leaf_1793	A	2022-06-05	Train	A
leaf_1794	A	2022-06-05	Train	A
leaf_1795	A	2022-06-05	Train	A
leaf_1796	C	2022-06-05	Train	C
leaf_1797	C	2022-06-05	Train	C
leaf_1798	C	2022-06-05	Train	C
leaf_1799	A	2022-06-05	Train	A
leaf_1800	C	2022-06-05	Train	C
leaf_1801	B	2022-06-05	Train	B
leaf_1802	A	2022-06-05	Train	A
leaf_1803	B	2022-06-05	Train	B
leaf_1804	C	2022-06-05	Train	C
leaf_1805	C	2022-06-05	Train	C
leaf_1806	C	2022-06-05	Train	C
leaf_1807	B	2022-06-05	Train	B
leaf_1808	B	2022-06-05	Train	B
leaf_1809	B	2022-06-05	Train	B
leaf_1810	A	2022-06-05	Train	A
leaf_1811	A	2022-06-05	Train	A
leaf_1812	B	2022-06-05	Test	?
leaf_1813	A	2022-06-05	Train	A
leaf_1814	C	2022-06-05	Train	C
leaf_1815	B	2022-06-05	Train	B
leaf_1816	B	2022-06-05	Train	B
leaf_1817	A	2022-06-04	Train	A
leaf_1818	A	2022-06-04	Train	A
leaf_1819	B	2022-06-04	Train	B
leaf_1820	A	2022-06-04	Test	?
leaf_1821	A	2022-06-04	Train	A
leaf_1822	B	2022-06-04	Train	B
leaf_1823	A	2022-06-04	Train	A
leaf_1824	A	2022-06-04	Train	A
leaf_1825	B	2022-06-04	Test	?
leaf_1826	A	2022-06-04	Train	A
leaf_1827	C	2022-06-04	Train	C
leaf_1828	A	2022-06-04	Train	A
leaf_1829	B	2022-06-04	Train	B
leaf_1830	B	2022-06-04	Train	B
leaf_1831	A	2022-06-04	Train	A
leaf_1832	A	2022-06-04	Train	A
leaf_1833	A	2022-06-04	Train	A
leaf_1834	A	2022-06-04	Train	A
leaf_1835	B	2022-06-04	Train	B
leaf_1836	A	2022-06-04	Train	A
leaf_1837	C	2022-06-04	Test	?
leaf_1838	A	2022-06-04	Test	?
leaf_1839	C	2022-06-04	Train	C
leaf_1840	C	2022-06-04	Test	?
leaf_1841	A	2022-06-04	Train	A
leaf_1842	C	2022-06-04	Test	?
leaf_1843	A	2022-06-04	Train	A
leaf_1844	A	2022-06-04	Train	A
leaf_1845	B	2022-06-04	Train	B
leaf_1846	A	2022-06-04	Train	A
leaf_1847	A	2022-06-04	Train	A
leaf_1848	A	2022-06-04	Train	A
leaf_1849	C	2022-06-03	Train	C
leaf_1850	C	2022-06-03	Train	C
leaf_1851	C	2022-06-03	Test	?
leaf_1852	B	2022-06-03	Train	B
leaf_1853	C	2022-06-03	Train	C
leaf_1854	A	2022-06-03	Train	A
leaf_1855	B	2022-06-03	Test	?
leaf_1856	A	2022-06-03	Train	A
leaf_1857	B	2022-06-03	Train	B
leaf_1858	A	2022-06-03	Train	A
leaf_1859	C	2022-06-03	Test	?
leaf_1860	B	2022-06-03	Train	B
leaf_1861	A	2022-06-03	Train	A
leaf_1862	B	2022-06-03	Train	B
leaf_1863	A	2022-06-03	Train	A
leaf_1864	A	2022-06-03	Train	A
leaf_1865	A	2022-06-03	Train	A
leaf_1866	B	2022-06-03	Train	B
leaf_1867	C	2022-06-03	Train	C
leaf_1868	A	2022-06-03	Train	A
leaf_1869	C	2022-06-03	Test	?
leaf_1870	C	2022-06-03	Train	C
leaf_1871	A	2022-06-03	Train	A
leaf_1872	B	2022-06-03	Train	B
leaf_1873	C	2022-06-03	Train	C
leaf_1874	B	2022-06-03	Train	B
leaf_1875	A	2022-06-03	Train	A
leaf_1876	C	2022-06-03	Train	C
leaf_1877	C	2022-06-02	Train	C
leaf_1878	C	2022-06-02	Train	C
leaf_1879	C	2022-06-02	Train	C
leaf_1880	A	2022-06-02	Train	A
leaf_1881	A	2022-06-02	Train	A
leaf_1882	A	2022-06-02	Test	?
leaf_1883	A	2022-06-02	Test	?
leaf_1884	B	2022-06-02	Train	B
leaf_1885	C	2022-06-02	Test	?
leaf_1886	A	2022-06-02	Train	A
leaf_1887	C	2022-06-02	Train	C
leaf_1888	A	2022-06-02	Test	?
leaf_1889	C	2022-06-02	Train	C
leaf_1890	B	2022-06-02	Train	B
leaf_1891	A	2022-06-02	Train	A
leaf_1892	A	2022-06-02	Test	?
leaf_1893	B	2022-06-02	Test	?
leaf_1894	C	2022-06-02	Train	C
leaf_1895	C	2022-06-02	Train	C
leaf_1896	A	2022-06-02	Test	?
leaf_1897	A	2022-06-02	Train	A
leaf_1898	B	2022-06-01	Test	?
leaf_1899	C	2022-06-01	Train	C
leaf_1900	B	2022-06-01	Train	B
leaf_1901	C	2022-06-01	Train	C
leaf_1902	A	2022-06-01	Train	A
leaf_1903	B	2022-06-01	Train	B
leaf_1904	C	2022-06-01	Train	C
leaf_1905	B	2022-06-01	Train	B
leaf_1906	C	2022-06-01	Train	C
leaf_1907	A	2022-06-01	Test	?
leaf_1908	B	2022-06-01	Test	?
leaf_1909	A	2022-06-01	Train	A
leaf_1910	C	2022-06-01	Train	C
leaf_1911	C	2022-06-01	Train	C
leaf_1912	C	2022-06-01	Test	?
leaf_1913	A	2022-06-01	Train	A
leaf_1914	B	2022-06-01	Train	B
leaf_1915	A	2022-05-31	Train	A
leaf_1916	A	2022-05-31	Train	A
leaf_1917	A	2022-05-31	Train	A
leaf_1918	C	2022-05-31	Train	C
leaf_1919	A	2022-05-31	Train	A
leaf_1920	C	2022-05-31	Train	C
leaf_1921	A	2022-05-31	Test	?
leaf_1922	A	2022-05-31	Train	A
leaf_1923	A	2022-05-31	Test	?
leaf_1924	A	2022-05-31	Train	A
leaf_1925	C	2022-05-31	Train	C
leaf_1926	A	2022-05-31	Train	A
leaf_1927	C	2022-05-31	Test	?
leaf_1928	C	2022-05-31	Train	C
leaf_1929	B	2022-05-31	Test	?
leaf_1930	C	2022-05-31	Train	C
leaf_1931	C	2022-05-31	Test	?
leaf_1932	C	2022-05-31	Test	?
leaf_1933	C	2022-05-31	Train	C
leaf_1934	A	2022-05-31	Train	A
leaf_1935	C	2022-05-30	Train	C
leaf_1936	C	2022-05-30	Train	C
leaf_1937	C	2022-05-30	Train	C
leaf_1938	C	2022-05-30	Train	C
leaf_1939	A	2022-05-30	Train	A
leaf_1940	A	2022-05-30	Train	A
leaf_1941	B	2022-05-30	Train	B
leaf_1942	B	2022-05-30	Test	?
leaf_1943	B	2022-05-30	Train	B
leaf_1944	B	2022-05-30	Train	B
leaf_1945	A	2022-05-30	Test	?
leaf_1946	C	2022-05-30	Train	C
leaf_1947	A	2022-05-30	Train	A
leaf_1948	C	2022-05-30	Train	C
leaf_1949	A	2022-05-30	Train	A
leaf_1950	C	2022-05-30	Train	C
leaf_1951	A	2022-05-30	Train	A
leaf_1952	B	2022-05-30	Train	B
leaf_1953	A	2022-05-30	Train	A
leaf_1954	C	2022-05-30	Train	C
leaf_1955	C	2022-05-30	Train	C
leaf_1956	C	2022-05-30	Test	?
leaf_1957	C	2022-05-30	Train	C
leaf_1958	A	2022-05-30	Train	A
leaf_1959	C	2022-05-30	Train	C
leaf_1960	A	2022-05-30	Train	A
leaf_1961	B	2022-05-30	Train	B
leaf_1962	A	2022-05-30	Test	?
leaf_1963	A	2022-05-30	Train	A
leaf_1964	B	2022-05-29	Test	?
leaf_1965	B	2022-05-29	Train	B
leaf_1966	A	2022-05-29	Train	A
leaf_1967	A	2022-05-29	Train	A
leaf_1968	B	2022-05-29	Train	B
leaf_1969	C	2022-05-29	Train	C
leaf_1970	A	2022-05-29	Train	A
leaf_1971	C	2022-05-29	Test	?
leaf_1972	A	2022-05-29	Train	A
leaf_1973	A	2022-05-29	Train	A
leaf_1974	B	2022-05-29	Train	B
leaf_1975	C	2022-05-29	Train	C
leaf_1976	A	2022-05-29	Train	A
leaf_1977	C	2022-05-29	Test	?
leaf_1978	B	2022-05-29	Train	B
leaf_1979	A	2022-05-28	Train	A
leaf_1980	C	2022-05-28	Train	C
leaf_1981	C	2022-05-28	Train	C
leaf_1982	A	2022-05-28	Train	A
leaf_1983	A	2022-05-28	Test	?
leaf_1984	B	2022-05-28	Train	B
leaf_1985	C	2022-05-28	Test	?
leaf_1986	A	2022-05-28	Train	A
leaf_1987	C	2022-05-28	Train	C
leaf_1988	A	2022-05-28	Train	A
leaf_1989	B	2022-05-28	Test	?
leaf_1990	A	2022-05-28	Train	A
leaf_1991	C	2022-05-28	Test	?
leaf_1992	A	2022-05-28	Train	A
leaf_1993	A	2022-05-28	Train	A
leaf_1994	C	2022-05-28	Test	?
leaf_1995	B	2022-05-28	Train	B
leaf_1996	B	2022-05-28	Test	?
leaf_1997	A	2022-05-28	Train	A
leaf_1998	A	2022-05-28	Train	A
leaf_1999	C	2022-05-28	Train	C
leaf_2000	C	2022-05-28	Train	C
leaf_2001	A	2022-05-28	Train	A
leaf_2002	A	2022-05-28	Train	A
leaf_2003	C	2022-05-28	Train	C
leaf_2004	A	2022-05-28	Train	A
leaf_2005	A	2022-05-28	Train	A
leaf_2006	C	2022-05-28	Train	C
leaf_2007	C	2022-05-28	Train	C
leaf_2008	C	2022-05-28	Train	C
leaf_2009	A	2022-05-27	Train	A
leaf_2010	C	2022-05-27	Train	C
leaf_2011	A	2022-05-27	Train	A
leaf_2012	C	2022-05-27	Test	?
leaf_2013	A	2022-05-27	Train	A
leaf_2014	C	2022-05-27	Train	C
leaf_2015	A	2022-05-27	Train	A
leaf_2016	C	2022-05-27	Test	?
leaf_2017	A	2022-05-27	Test	?
leaf_2018	A	2022-05-27	Train	A
leaf_2019	A	2022-05-27	Train	A
leaf_2020	A	2022-05-27	Train	A
leaf_2021	C	2022-05-27	Train	C
leaf_2022	A	2022-05-26	Train	A
leaf_2023	C	2022-05-26	Train	C
leaf_2024	A	2022-05-26	Train	A
leaf_2025	A	2022-05-26	Train	A
leaf_2026	C	2022-05-26	Train	C
leaf_2027	A	2022-05-26	Test	?
leaf_2028	A	2022-05-26	Test	?
leaf_2029	A	2022-05-26	Train	A
leaf_2030	B	2022-05-26	Train	B
leaf_2031	A	2022-05-26	Train	A
leaf_2032	C	2022-05-26	Train	C
leaf_2033	A	2022-05-26	Train	A
leaf_2034	C	2022-05-26	Test	?
leaf_2035	B	2022-05-26	Train	B
leaf_2036	B	2022-05-26	Test	?
leaf_2037	B	2022-05-26	Train	B
leaf_2038	B	2022-05-26	Train	B
leaf_2039	C	2022-05-26	Train	C
leaf_2040	A	2022-05-26	Train	A
leaf_2041	C	2022-05-26	Train	C
leaf_2042	C	2022-05-26	Train	C
leaf_2043	C	2022-05-26	Train	C
leaf_2044	C	2022-05-26	Train	C
leaf_2045	B	2022-05-26	Train	B
leaf_2046	C	2022-05-26	Train	C
leaf_2047	C	2022-05-26	Train	C
leaf_2048	A	2022-05-26	Train	A
leaf_2049	A	2022-05-26	Train	A
leaf_2050	C	2022-05-26	Test	?
leaf_2051	C	2022-05-25	Train	C
leaf_2052	B	2022-05-25	Train	B
leaf_2053	A	2022-05-25	Train	A
leaf_2054	A	2022-05-25	Train	A
leaf_2055	C	2022-05-25	Train	C
leaf_2056	C	2022-05-25	Test	?
leaf_2057	B	2022-05-25	Train	B
leaf_2058	B	2022-05-25	Train	B
leaf_2059	A	2022-05-25	Test	?
leaf_2060	C	2022-05-25	Test	?
leaf_2061	B	2022-05-25	Train	B
leaf_2062	C	2022-05-25	Train	C
leaf_2063	C	2022-05-25	Train	C
leaf_2064	C	2022-05-25	Train	C
leaf_2065	C	2022-05-25	Train	C
leaf_2066	A	2022-05-25	Train	A
leaf_2067	A	2022-05-25	Train	A
leaf_2068	B	2022-05-25	Train	B
leaf_2069	C	2022-05-25	Train	C
leaf_2070	A	2022-05-25	Train	A
leaf_2071	B	2022-05-25	Train	B
leaf_2072	C	2022-05-25	Train	C
leaf_2073	A	2022-05-24	Train	A
leaf_2074	A	2022-05-24	Train	A
leaf_2075	A	2022-05-24	Train	A
leaf_2076	A	2022-05-24	Train	A
leaf_2077	A	2022-05-24	Train	A
leaf_2078	A	2022-05-24	Test	?
leaf_2079	C	2022-05-24	Train	C
leaf_2080	C	2022-05-24	Test	?
leaf_2081	B	2022-05-24	Train	B
leaf_2082	A	2022-05-24	Train	A
leaf_2083	A	2022-05-24	Test	?
leaf_2084	C	2022-05-24	Train	C
leaf_2085	A	2022-05-24	Train	A
leaf_2086	C	2022-05-24	Train	C
leaf_2087	A	2022-05-24	Train	A
leaf_2088	B	2022-05-24	Train	B
leaf_2089	B	2022-05-24	Test	?
leaf_2090	B	2022-05-24	Train	B
leaf_2091	A	2022-05-24	Test	?
leaf_2092	C	2022-05-24	Train	C
leaf_2093	A	2022-05-24	Train	A
leaf_2094	A	2022-05-23	Test	?
leaf_2095	C	2022-05-23	Train	C
leaf_2096	B	2022-05-23	Train	B
leaf_2097	C	2022-05-23	Train	C
leaf_2098	C	2022-05-23	Train	C
leaf_2099	B	2022-05-23	Test	?
leaf_2100	A	2022-05-23	Train	A
leaf_2101	B	2022-05-23	Test	?
leaf_2102	B	2022-05-23	Train	B
leaf_2103	A	2022-05-23	Train	A
leaf_2104	C	2022-05-23	Train	C
leaf_2105	B	2022-05-23	Train	B
leaf_2106	B	2022-05-23	Train	B
leaf_2107	A	2022-05-23	Train	A
leaf_2108	A	2022-05-23	Train	A
leaf_2109	C	2022-05-23	Train	C
leaf_2110	A	2022-05-23	Train	A
leaf_2111	C	2022-05-23	Train	C
leaf_2112	A	2022-05-23	Train	A
leaf_2113	B	2022-05-23	Train	B
leaf_2114	C	2022-05-23	Train	C
leaf_2115	C	2022-05-23	Test	?
leaf_2116	C	2022-05-22	Test	?
leaf_2117	C	2022-05-22	Train	C
leaf_2118	C	2022-05-22	Train	C
leaf_2119	A	2022-05-22	Train	A
leaf_2120	C	2022-05-22	Train	C
leaf_2121	B	2022-05-22	Train	B
leaf_2122	B	2022-05-22	Train	B
leaf_2123	A	2022-05-22	Train	A
leaf_2124	C	2022-05-22	Train	C
leaf_2125	C	2022-05-22	Train	C
leaf_2126	B	2022-05-22	Train	B
leaf_2127	C	2022-05-22	Test	?
leaf_2128	C	2022-05-22	Train	C
leaf_2129	B	2022-05-21	Test	?
leaf_2130	A	2022-05-21	Train	A
leaf_2131	C	2022-05-21	Train	C
leaf_2132	C	2022-05-21	Train	C
leaf_2133	C	2022-05-21	Train	C
leaf_2134	A	2022-05-21	Train	A
leaf_2135	C	2022-05-21	Test	?
leaf_2136	C	2022-05-21	Train	C
leaf_2137	B	2022-05-21	Test	?
leaf_2138	C	2022-05-21	Train	C
leaf_2139	A	2022-05-21	Train	A
leaf_2140	A	2022-05-21	Test	?
leaf_2141	C	2022-05-21	Test	?
leaf_2142	C	2022-05-21	Test	?
leaf_2143	C	2022-05-21	Test	?
leaf_2144	C	2022-05-20	Train	C
leaf_2145	B	2022-05-20	Train	B
leaf_2146	B	2022-05-20	Test	?
leaf_2147	A	2022-05-20	Train	A
leaf_2148	C	2022-05-20	Train	C
leaf_2149	C	2022-05-20	Train	C
leaf_2150	C	2022-05-20	Test	?
leaf_2151	C	2022-05-20	Train	C
leaf_2152	C	2022-05-20	Train	C
leaf_2153	A	2022-05-20	Train	A
leaf_2154	A	2022-05-20	Train	A
leaf_2155	C	2022-05-20	Train	C
leaf_2156	C	2022-05-20	Train	C
leaf_2157	A	2022-05-20	Train	A
leaf_2158	C	2022-05-20	Train	C
leaf_2159	C	2022-05-20	Test	?
leaf_2160	B	2022-05-20	Train	B
leaf_2161	B	2022-05-20	Train	B
leaf_2162	B	2022-05-20	Train	B
leaf_2163	A	2022-05-20	Train	A
leaf_2164	B	2022-05-20	Test	?
leaf_2165	C	2022-05-20	Train	C
leaf_2166	C	2022-05-19	Test	?
leaf_2167	A	2022-05-19	Train	A
leaf_2168	A	2022-05-19	Train	A
leaf_2169	A	2022-05-19	Train	A
leaf_2170	C	2022-05-19	Train	C
leaf_2171	A	2022-05-19	Test	?
leaf_2172	C	2022-05-19	Train	C
leaf_2173	C	2022-05-19	Train	C
leaf_2174	B	2022-05-19	Train	B
leaf_2175	B	2022-05-19	Train	B
leaf_2176	A	2022-05-19	Train	A
leaf_2177	C	2022-05-19	Train	C
leaf_2178	A	2022-05-19	Train	A
leaf_2179	C	2022-05-19	Train	C
leaf_2180	A	2022-05-19	Train	A
leaf_2181	C	2022-05-18	Train	C
leaf_2182	C	2022-05-18	Train	C
leaf_2183	C	2022-05-18	Train	C
leaf_2184	C	2022-05-18	Train	C
leaf_2185	A	2022-05-18	Train	A
leaf_2186	A	2022-05-18	Train	A
leaf_2187	A	2022-05-18	Train	A
leaf_2188	A	2022-05-18	Test	?
leaf_2189	A	2022-05-18	Train	A
leaf_2190	C	2022-05-18	Train	C
leaf_2191	A	2022-05-18	Train	A
leaf_2192	C	2022-05-18	Train	C
leaf_2193	A	2022-05-18	Train	A
leaf_2194	A	2022-05-18	Train	A
leaf_2195	A	2022-05-17	Train	A
leaf_2196	A	2022-05-17	Test	?
leaf_2197	C	2022-05-17	Test	?
leaf_2198	C	2022-05-17	Train	C
leaf_2199	C	2022-05-17	Train	C
leaf_2200	C	2022-05-17	Train	C
leaf_2201	A	2022-05-17	Train	A
leaf_2202	C	2022-05-17	Train	C
leaf_2203	B	2022-05-17	Train	B
leaf_2204	A	2022-05-17	Test	?
leaf_2205	A	2022-05-16	Train	A
leaf_2206	A	2022-05-16	Train	A
leaf_2207	C	2022-05-16	Test	?
leaf_2208	C	2022-05-16	Train	C
leaf_2209	C	2022-05-16	Train	C
leaf_2210	A	2022-05-16	Train	A
leaf_2211	C	2022-05-16	Test	?
leaf_2212	A	2022-05-16	Train	A
leaf_2213	A	2022-05-16	Train	A
leaf_2214	C	2022-05-16	Train	C
leaf_2215	C	2022-05-16	Test	?
leaf_2216	C	2022-05-16	Train	C
leaf_2217	A	2022-05-16	Test	?
leaf_2218	C	2022-05-16	Train	C
leaf_2219	A	2022-05-15	Train	A
leaf_2220	C	2022-05-15	Test	?
leaf_2221	C	2022-05-15	Train	C
leaf_2222	C	2022-05-15	Train	C
leaf_2223	A	2022-05-15	Train	A
leaf_2224	A	2022-05-15	Train	A
leaf_2225	A	2022-05-15	Train	A
leaf_2226	A	2022-05-15	Train	A
leaf_2227	C	2022-05-15	Test	?
leaf_2228	C	2022-05-15	Train	C
leaf_2229	A	2022-05-15	Test	?
leaf_2230	C	2022-05-14	Train	C
leaf_2231	B	2022-05-14	Train	B
leaf_2232	B	2022-05-14	Train	B
leaf_2233	A	2022-05-14	Train	A
leaf_2234	A	2022-05-14	Train	A
leaf_2235	A	2022-05-14	Train	A
leaf_2236	B	2022-05-14	Test	?
leaf_2237	C	2022-05-14	Test	?
leaf_2238	A	2022-05-14	Train	A
leaf_2239	A	2022-05-14	Train	A
leaf_2240	C	2022-05-14	Train	C
leaf_2241	A	2022-05-14	Train	A
leaf_2242	B	2022-05-14	Test	?
leaf_2243	A	2022-05-13	Train	A
leaf_2244	A	2022-05-13	Train	A
leaf_2245	B	2022-05-13	Train	B
leaf_2246	B	2022-05-13	Test	?
leaf_2247	A	2022-05-13	Test	?
leaf_2248	A	2022-05-13	Train	A
leaf_2249	C	2022-05-13	Train	C
leaf_2250	A	2022-05-13	Train	A
leaf_2251	B	2022-05-13	Train	B
leaf_2252	C	2022-05-13	Train	C
leaf_2253	B	2022-05-13	Test	?
leaf_2254	A	2022-05-13	Train	A
leaf_2255	B	2022-05-13	Train	B
leaf_2256	C	2022-05-13	Train	C
leaf_2257	C	2022-05-13	Test	?
leaf_2258	A	2022-05-13	Test	?
leaf_2259	C	2022-05-13	Train	C
leaf_2260	C	2022-05-13	Train	C
leaf_2261	A	2022-05-13	Train	A
leaf_2262	A	2022-05-13	Test	?
leaf_2263	C	2022-05-12	Test	?
leaf_2264	C	2022-05-12	Test	?
leaf_2265	C	2022-05-12	Train	C
leaf_2266	A	2022-05-12	Test	?
leaf_2267	B	2022-05-12	Train	B
leaf_2268	C	2022-05-12	Train	C
leaf_2269	C	2022-05-11	Train	C
leaf_2270	A	2022-05-11	Train	A
leaf_2271	C	2022-05-11	Train	C
leaf_2272	A	2022-05-11	Train	A
leaf_2273	A	2022-05-11	Train	A
leaf_2274	A	2022-05-11	Train	A
leaf_2275	A	2022-05-11	Train	A
leaf_2276	C	2022-05-11	Train	C
leaf_2277	B	2022-05-11	Train	B
leaf_2278	A	2022-05-11	Train	A
leaf_2279	A	2022-05-11	Test	?
leaf_2280	C	2022-05-11	Train	C
leaf_2281	C	2022-05-11	Train	C
leaf_2282	B	2022-05-11	Train	B
leaf_2283	C	2022-05-11	Train	C
leaf_2284	C	2022-05-10	Train	C
leaf_2285	B	2022-05-10	Train	B
leaf_2286	C	2022-05-10	Train	C
leaf_2287	C	2022-05-10	Train	C
leaf_2288	C	2022-05-10	Train	C
leaf_2289	B	2022-05-10	Train	B
leaf_2290	C	2022-05-10	Train	C
leaf_2291	B	2022-05-10	Train	B
leaf_2292	A	2022-05-10	Train	A
leaf_2293	C	2022-05-09	Test	?
leaf_2294	A	2022-05-09	Train	A
leaf_2295	A	2022-05-09	Train	A
leaf_2296	A	2022-05-09	Train	A
leaf_2297	B	2022-05-09	Train	B
leaf_2298	C	2022-05-09	Test	?
leaf_2299	C	2022-05-09	Train	C
leaf_2300	C	2022-05-09	Train	C
leaf_2301	A	2022-05-09	Train	A
leaf_2302	A	2022-05-09	Train	A
leaf_2303	A	2022-05-08	Train	A
leaf_2304	A	2022-05-08	Train	A
leaf_2305	C	2022-05-08	Train	C
leaf_2306	A	2022-05-08	Test	?
leaf_2307	A	2022-05-07	Train	A
leaf_2308	A	2022-05-07	Test	?
leaf_2309	A	2022-05-07	Test	?
leaf_2310	C	2022-05-07	Train	C
leaf_2311	C	2022-05-06	Train	C
leaf_2312	B	2022-05-06	Train	B
leaf_2313	A	2022-05-06	Train	A
leaf_2314	B	2022-05-06	Train	B
leaf_2315	A	2022-05-06	Train	A
leaf_2316	A	2022-05-06	Train	A
leaf_2317	C	2022-05-06	Train	C
leaf_2318	A	2022-05-06	Train	A
leaf_2319	A	2022-05-06	Train	A
leaf_2320	C	2022-05-06	Train	C
leaf_2321	C	2022-05-06	Train	C
leaf_2322	A	2022-05-05	Train	A
leaf_2323	C	2022-05-05	Test	?
leaf_2324	C	2022-05-05	Train	C
leaf_2325	A	2022-05-05	Train	A
leaf_2326	C	2022-05-05	Train	C
leaf_2327	C	2022-05-05	Test	?
leaf_2328	C	2022-05-05	Test	?
leaf_2329	C	2022-05-05	Train	C
leaf_2330	A	2022-05-04	Train	A
leaf_2331	A	2022-05-04	Train	A
leaf_2332	A	2022-05-04	Train	A
leaf_2333	A	2022-05-03	Test	?
leaf_2334	A	2022-05-03	Test	?
leaf_2335	A	2022-05-03	Train	A
leaf_2336	C	2022-05-03	Train	C
leaf_2337	A	2022-05-02	Train	A
leaf_2338	C	2022-05-02	Train	C
leaf_2339	C	2022-05-02	Test	?
leaf_2340	C	2022-05-02	Train	C
leaf_2341	A	2022-05-02	Test	?
leaf_2342	C	2022-05-02	Train	C
leaf_2343	B	2022-05-01	Train	B
leaf_2344	A	2022-05-01	Train	A
leaf_2345	A	2022-05-01	Train	A
leaf_2346	C	2022-05-01	Train	C
leaf_2347	C	2022-05-01	Train	C
leaf_2348	A	2022-05-01	Train	A
leaf_2349	C	2022-04-30	Train	C
leaf_2350	B	2022-04-30	Test	?
leaf_2351	C	2022-04-30	Train	C
leaf_2352	A	2022-04-30	Train	A
leaf_2353	B	2022-04-30	Train	B
leaf_2354	B	2022-04-30	Train	B
leaf_2355	C	2022-04-29	Train	C
leaf_2356	C	2022-04-29	Train	C
leaf_2357	C	2022-04-29	Train	C
leaf_2358	C	2022-04-29	Train	C
leaf_2359	A	2022-04-29	Train	A
leaf_2360	C	2022-04-28	Train	C
leaf_2361	C	2022-04-28	Test	?
leaf_2362	B	2022-04-28	Train	B
leaf_2363	C	2022-04-27	Train	C
leaf_2364	C	2022-04-27	Train	C
leaf_2365	A	2022-04-27	Train	A
leaf_2366	A	2022-04-27	Train	A
leaf_2367	A	2022-04-27	Test	?
leaf_2368	C	2022-04-27	Train	C
leaf_2369	C	2022-04-27	Train	C
leaf_2370	C	2022-04-27	Train	C
leaf_2371	C	2022-04-26	Train	C
leaf_2372	A	2022-04-26	Test	?
leaf_2373	A	2022-04-26	Train	A
leaf_2374	A	2022-04-26	Train	A
leaf_2375	B	2022-04-25	Test	?
leaf_2376	C	2022-04-24	Train	C
leaf_2377	C	2022-04-23	Train	C
leaf_2378	B	2022-04-22	Train	B
leaf_2379	C	2022-04-22	Train	C
leaf_2380	A	2022-04-21	Train	A
leaf_2381	A	2022-04-20	Train	A
leaf_2382	C	2022-04-19	Train	C
leaf_2383	C	2022-04-19	Test	?
leaf_2384	A	2022-04-19	Train	A
leaf_2385	C	2022-04-19	Train	C
leaf_2386	B	2022-04-18	Train	B
leaf_2387	C	2022-04-15	Test	?
leaf_2388	A	2022-04-15	Test	?
leaf_2389	C	2022-04-15	Train	C
leaf_2390	C	2022-04-14	Test	?
leaf_2391	B	2022-04-14	Train	B
leaf_2392	C	2022-04-14	Train	C
leaf_2393	A	2022-04-13	Train	A
leaf_2394	A	2022-04-12	Train	A
leaf_2395	A	2022-04-12	Train	A
leaf_2396	C	2022-04-12	Test	?
leaf_2397	C	2022-04-12	Test	?
leaf_2398	C	2022-04-12	Test	?
leaf_2399	A	2022-04-11	Train	A
leaf_2400	A	2022-04-09	Train	A
leaf_2401	C	2022-04-09	Train	C
leaf_2402	C	2022-04-09	Train	C
leaf_2403	A	2022-04-08	Train	A
leaf_2404	A	2022-04-08	Test	?
leaf_2405	C	2022-04-05	Train	C
leaf_2406	A	2022-04-03	Train	A
leaf_2407	A	2022-04-02	Train	A
leaf_2408	B	2022-04-02	Test	?
leaf_2409	A	2022-04-01	Train	A
leaf_2410	B	2022-04-01	Test	?
leaf_2411	A	2022-04-01	Train	A
leaf_2412	C	2022-03-31	Train	C
leaf_2413	C	2022-03-30	Train	C
leaf_2414	C	2022-03-26	Train	C
leaf_2415	B	2022-03-26	Train	B
leaf_2416	A	2022-03-24	Train	A
leaf_2417	C	2022-03-23	Train	C
leaf_2418	C	2022-03-21	Train	C
leaf_2419	C	2022-03-19	Train	C
leaf_2420	C	2022-03-18	Train	C
leaf_2421	C	2022-03-18	Train	C
leaf_2422	A	2022-03-16	Train	A
leaf_2423	B	2022-03-16	Train	B
leaf_2424	C	2022-03-15	Train	C
leaf_2425	A	2022-03-10	Train	A
leaf_2426	C	2022-03-06	Train	C
leaf_2427	C	2022-03-05	Train	C
leaf_2428	C	2022-02-19	Train	C
leaf_2429	C	2022-02-16	Train	C
leaf_2430	C	2022-02-11	Test	?
leaf_2431	C	2022-02-07	Train	C
leaf_2432	C	2022-02-04	Train	C
leaf_2433	C	2022-02-04	Train	C
