strain	length	A	C	G	T	N	other_IUPAC	-	?	invalid_nucleotides
leaf_0	5000	1232	1254	1268	1246	0	0	0	0	0
leaf_1	5000	1234	1251	1268	1247	0	0	0	0	0
leaf_2	5000	1226	1258	1268	1248	0	0	0	0	0
leaf_3	5000	1232	1258	1257	1253	0	0	0	0	0
leaf_4	5000	1228	1250	1269	1253	0	0	0	0	0
leaf_5	5000	1235	1261	1266	1238	0	0	0	0	0
leaf_6	5000	1227	1252	1275	1246	0	0	0	0	0
leaf_7	5000	1229	1258	1260	1253	0	0	0	0	0
leaf_8	5000	1236	1251	1262	1251	0	0	0	0	0
leaf_9	5000	1231	1259	1261	1249	0	0	0	0	0
leaf_10	5000	1247	1253	1266	1234	0	0	0	0	0
leaf_11	5000	1243	1260	1250	1247	0	0	0	0	0
leaf_12	5000	1218	1252	1280	1250	0	0	0	0	0
leaf_13	5000	1233	1260	1261	1246	0	0	0	0	0
leaf_14	5000	1237	1268	1253	1242	0	0	0	0	0
leaf_15	5000	1223	1270	1257	1250	0	0	0	0	0
leaf_16	5000	1220	1275	1260	1245	0	0	0	0	0
leaf_17	5000	1234	1255	1260	1251	0	0	0	0	0
leaf_18	5000	1235	1257	1264	1244	0	0	0	0	0
leaf_19	5000	1226	1256	1274	1244	0	0	0	0	0
leaf_20	5000	1215	1264	1266	1255	0	0	0	0	0
leaf_21	5000	1222	1257	1269	1252	0	0	0	0	0
leaf_22	5000	1236	1261	1263	1240	0	0	0	0	0
leaf_23	5000	1230	1258	1258	1254	0	0	0	0	0
leaf_24	5000	1238	1268	1253	1241	0	0	0	0	0
leaf_25	5000	1230	1267	1260	1243	0	0	0	0	0
leaf_26	5000	1230	1264	1258	1248	0	0	0	0	0
leaf_27	5000	1218	1257	1276	1249	0	0	0	0	0
leaf_28	5000	1224	1263	1257	1256	0	0	0	0	0
leaf_29	5000	1223	1259	1266	1252	0	0	0	0	0
leaf_30	5000	1226	1258	1269	1247	0	0	0	0	0
leaf_31	5000	1224	1257	1267	1252	0	0	0	0	0
leaf_32	5000	1232	1262	1254	1252	0	0	0	0	0
leaf_33	5000	1245	1266	1247	1242	0	0	0	0	0
leaf_34	5000	1247	1255	1257	1241	0	0	0	0	0
leaf_35	5000	1226	1261	1258	1255	0	0	0	0	0
leaf_36	5000	1248	1253	1263	1236	0	0	0	0	0
leaf_37	5000	1227	1270	1257	1246	0	0	0	0	0
leaf_38	5000	1241	1265	1255	1239	0	0	0	0	0
leaf_39	5000	1243	1265	1263	1229	0	0	0	0	0
leaf_40	5000	1241	1268	1256	1235	0	0	0	0	0
leaf_41	5000	1223	1255	1269	1253	0	0	0	0	0
leaf_42	5000	1231	1269	1251	1249	0	0	0	0	0
leaf_43	5000	1231	1267	1252	1250	0	0	0	0	0
leaf_44	5000	1234	1255	1261	1250	0	0	0	0	0
leaf_45	5000	1226	1256	1264	1254	0	0	0	0	0
leaf_46	5000	1218	1255	1268	1259	0	0	0	0	0
leaf_47	5000	1244	1264	1253	1239	0	0	0	0	0
leaf_48	5000	1243	1266	1254	1237	0	0	0	0	0
leaf_49	5000	1243	1262	1261	1234	0	0	0	0	0
leaf_50	5000	1217	1253	1270	1260	0	0	0	0	0
leaf_51	5000	1235	1265	1257	1243	0	0	0	0	0
leaf_52	5000	1223	1260	1263	1254	0	0	0	0	0
leaf_53	5000	1226	1252	1269	1253	0	0	0	0	0
leaf_54	5000	1227	1271	1254	1248	0	0	0	0	0
leaf_55	5000	1224	1259	1265	1252	0	0	0	0	0
leaf_56	5000	1233	1266	1257	1244	0	0	0	0	0
leaf_57	5000	1231	1261	1258	1250	0	0	0	0	0
leaf_58	5000	1236	1260	1261	1243	0	0	0	0	0
leaf_59	5000	1237	1258	1263	1242	0	0	0	0	0
leaf_60	5000	1231	1254	1262	1253	0	0	0	0	0
leaf_61	5000	1240	1263	1257	1240	0	0	0	0	0
leaf_62	5000	1243	1258	1257	1242	0	0	0	0	0
leaf_63	5000	1241	1260	1263	1236	0	0	0	0	0
leaf_64	5000	1241	1264	1256	1239	0	0	0	0	0
leaf_65	5000	1227	1264	1263	1246	0	0	0	0	0
leaf_66	5000	1234	1253	1263	1250	0	0	0	0	0
leaf_67	5000	1226	1264	1264	1246	0	0	0	0	0
leaf_68	5000	1233	1263	1259	1245	0	0	0	0	0
leaf_69	5000	1232	1264	1259	1245	0	0	0	0	0
leaf_70	5000	1240	1253	1262	1245	0	0	0	0	0
leaf_71	5000	1233	1259	1263	1245	0	0	0	0	0
leaf_72	5000	1238	1256	1261	1245	0	0	0	0	0
