strain,date,subgroup
leaf_0,349.409232171575,A
leaf_1,347.36031785032,C
leaf_2,319.796853971627,A
leaf_3,290.291935504066,B
leaf_4,289.308050705084,B
leaf_5,288.993716329686,A
leaf_6,283.900238526097,B
leaf_7,281.51648169234,C
leaf_8,276.407585766796,B
leaf_9,276.283589783492,B
leaf_10,276.262403789114,A
leaf_11,275.371743994181,C
leaf_12,274.03593791723,C
leaf_13,272.452806456228,B
leaf_14,269.559853735112,B
leaf_15,266.588672873123,B
leaf_16,265.790806906862,B
leaf_17,264.820880808465,C
leaf_18,263.798732461705,C
leaf_19,263.279130009284,A
leaf_20,262.705342689076,C
leaf_21,261.753367700871,B
leaf_22,260.920831096484,C
leaf_23,259.935524790106,C
leaf_24,258.167698934142,A
leaf_25,255.482440388796,A
leaf_26,254.518939310723,B
leaf_27,254.291289949823,B
leaf_28,253.220645528626,B
leaf_29,252.463446656962,A
leaf_30,251.230565783163,C
leaf_31,250.814949407482,B
leaf_32,249.983411540039,C
leaf_33,249.870394626354,B
leaf_34,249.415545978592,C
leaf_35,249.041209630605,B
leaf_36,246.978723911614,C
leaf_37,246.847898214914,B
leaf_38,245.760197139266,B
leaf_39,245.275680555573,C
leaf_40,245.261873814577,B
leaf_41,245.113121469489,A
leaf_42,244.655981694315,B
leaf_43,244.629451542815,B
leaf_44,244.003469270086,C
leaf_45,243.983502083451,A
leaf_46,243.920966153421,B
leaf_47,243.148006703869,B
leaf_48,242.531034616552,A
leaf_49,241.347050732739,B
leaf_50,241.166685846585,C
leaf_51,241.043190885629,A
leaf_52,240.926535568425,A
leaf_53,240.505645982296,B
leaf_54,240.491277916306,C
leaf_55,240.396987652156,B
leaf_56,240.371524929737,B
leaf_57,240.33502629021,A
leaf_58,238.709373266438,B
leaf_59,238.633566574441,A
leaf_60,238.630874330335,C
leaf_61,238.182062093709,B
leaf_62,237.692180873399,B
leaf_63,237.496441478258,B
leaf_64,236.839585413657,B
leaf_65,236.703043458215,B
leaf_66,236.208387319425,B
leaf_67,235.869741789609,A
leaf_68,235.814205129116,C
leaf_69,235.113958742386,B
leaf_70,234.568874162294,B
leaf_71,234.312102903154,C
leaf_72,234.142633972832,C
leaf_73,234.008712381945,C
leaf_74,233.941252386462,A
leaf_75,233.870988067746,A
leaf_76,233.856671627361,A
leaf_77,233.750924897054,A
leaf_78,233.226767906004,B
leaf_79,233.113390883982,B
leaf_80,233.07221551125,C
leaf_81,232.71463454275,B
leaf_82,232.684176796142,C
leaf_83,232.612941701485,C
leaf_84,231.286988507819,B
leaf_85,231.205277467104,B
leaf_86,231.200223788755,B
leaf_87,231.178009902078,C
leaf_88,230.796870069293,C
leaf_89,230.68151730191,A
leaf_90,230.501505070474,B
leaf_91,230.471757760804,B
leaf_92,230.167517273572,C
leaf_93,230.010973021976,A
leaf_94,229.436807931523,B
leaf_95,229.395109021303,A
leaf_96,228.716114704839,C
leaf_97,228.68640925267,B
leaf_98,228.677115526098,A
leaf_99,228.629077038701,B
leaf_100,228.55513490359,C
leaf_101,228.500781348167,B
leaf_102,228.422581680444,C
leaf_103,228.328421490833,C
leaf_104,227.96270475852,A
leaf_105,227.886387489625,B
leaf_106,227.78639749827,A
leaf_107,227.542918897268,C
leaf_108,227.493336367252,B
leaf_109,227.396122923934,B
leaf_110,227.305739948938,B
leaf_111,227.235221402716,B
leaf_112,227.215461667977,A
leaf_113,227.187766963488,C
leaf_114,227.176158956421,B
leaf_115,226.901709160536,C
leaf_116,226.795818676696,A
leaf_117,226.633228677513,C
leaf_118,226.544103388967,A
leaf_119,226.52552035117,C
leaf_120,226.4498551039,B
leaf_121,226.285752653406,A
leaf_122,225.762892381656,C
leaf_123,225.692567635579,B
leaf_124,225.594006929883,C
leaf_125,225.540344084029,B
leaf_126,225.523726530681,A
leaf_127,225.487444904276,A
leaf_128,225.290974692582,B
leaf_129,225.214988687785,B
leaf_130,225.116522001631,A
leaf_131,225.083464163538,A
leaf_132,224.802423536731,B
leaf_133,224.739436110438,A
leaf_134,224.707169798838,A
leaf_135,224.510146254362,C
leaf_136,224.498984425673,A
leaf_137,224.466166034086,C
leaf_138,224.347257944428,B
leaf_139,224.051917895801,A
leaf_140,223.900051071584,B
leaf_141,223.843827329743,B
leaf_142,223.832763437051,A
leaf_143,223.796821300806,C
leaf_144,223.76500122639,B
leaf_145,223.69841426811,A
leaf_146,223.696517063981,A
leaf_147,223.693895975222,B
leaf_148,223.584619636569,C
leaf_149,223.371157607485,A
leaf_150,223.259020197247,B
leaf_151,223.234724603982,A
leaf_152,223.18471621379,B
leaf_153,222.776670437206,C
leaf_154,222.616203706274,A
leaf_155,222.478092226383,B
leaf_156,222.42372366373,A
leaf_157,222.40864763461,A
leaf_158,222.266344385624,B
leaf_159,222.211655750357,C
leaf_160,222.205565335826,B
leaf_161,222.173597441166,C
leaf_162,222.129580906157,B
leaf_163,221.778668830148,B
leaf_164,221.565089813136,A
leaf_165,221.507227232657,B
leaf_166,221.370861232216,A
leaf_167,221.341690861405,B
leaf_168,221.1901241704,A
leaf_169,221.012693338973,B
leaf_170,220.973952294904,B
leaf_171,220.747258701107,B
leaf_172,220.577703162625,A
leaf_173,220.537614034338,B
leaf_174,220.45206288457,C
leaf_175,220.359081091573,A
leaf_176,220.341605758797,B
leaf_177,220.2751571982,B
leaf_178,220.109176232091,B
leaf_179,219.9793854882,A
leaf_180,219.837585241175,B
leaf_181,219.807363973355,B
leaf_182,219.706712453752,C
leaf_183,219.666083128789,B
leaf_184,219.605756944399,B
leaf_185,219.59209737173,C
leaf_186,219.455464323148,C
leaf_187,219.444703257976,B
leaf_188,219.409574574926,B
leaf_189,219.271243966549,A
leaf_190,219.012821631146,B
leaf_191,218.999957417782,B
leaf_192,218.940742358961,B
leaf_193,218.927118784906,A
leaf_194,218.727693903071,C
leaf_195,218.601430773055,B
leaf_196,218.57175220135,A
leaf_197,218.502768910317,B
leaf_198,218.418388148124,A
leaf_199,218.365206104839,A
leaf_200,218.156402908762,C
leaf_201,218.064111318845,C
leaf_202,218.043095719975,B
leaf_203,218.011679354615,B
leaf_204,217.77592557629,A
leaf_205,217.679432635857,B
leaf_206,217.604236836655,B
leaf_207,217.580827080736,B
leaf_208,217.560406088792,B
leaf_209,217.42722214503,C
leaf_210,217.30388904284,A
leaf_211,217.212018262128,B
leaf_212,217.07198099544,B
leaf_213,217.049109250036,A
leaf_214,217.039437258517,C
leaf_215,216.855085002207,A
leaf_216,216.76094968417,B
leaf_217,216.623170737653,B
leaf_218,216.61830784853,B
leaf_219,216.530123340064,C
leaf_220,216.396268086875,A
leaf_221,216.390736829044,C
leaf_222,216.2331532961,C
leaf_223,216.2131618563,B
leaf_224,216.210144203109,A
leaf_225,216.103684761147,C
leaf_226,216.077133214039,B
leaf_227,216.042866496891,B
leaf_228,216.007340964027,A
leaf_229,215.975510779251,B
leaf_230,215.961595031712,A
leaf_231,215.82404012714,C
leaf_232,215.757914605168,A
leaf_233,215.3935876798,A
leaf_234,215.225709122337,B
leaf_235,215.153766965859,A
leaf_236,215.152809028349,B
leaf_237,215.042195244152,A
leaf_238,214.854871965866,B
leaf_239,214.81962665789,B
leaf_240,214.788454821968,A
leaf_241,214.728988867328,B
leaf_242,214.681509535794,A
leaf_243,214.643379441026,B
leaf_244,214.622773248968,C
leaf_245,214.531311324339,C
leaf_246,214.524349831824,A
leaf_247,214.50885350715,B
leaf_248,214.503995032049,C
leaf_249,214.32352352136,C
leaf_250,214.185472240136,B
leaf_251,214.135756384515,B
leaf_252,214.120374358495,C
leaf_253,213.88960602631,B
leaf_254,213.847441885097,C
leaf_255,213.710880346913,A
leaf_256,213.705060524898,B
leaf_257,213.669843893979,A
leaf_258,213.669138730808,B
leaf_259,213.431740853428,A
leaf_260,213.422058516167,B
leaf_261,213.415845987505,C
leaf_262,213.372637371958,C
leaf_263,213.293733220657,B
leaf_264,213.272406714223,B
leaf_265,213.14120543733,C
leaf_266,213.058021373189,C
leaf_267,212.795787022443,B
leaf_268,212.598951903605,B
leaf_269,212.584791912505,A
leaf_270,212.538879724072,B
leaf_271,212.496755107014,C
leaf_272,212.488421289946,B
leaf_273,212.24732540432,B
leaf_274,212.191108925277,B
leaf_275,212.10908482268,B
leaf_276,211.906004790728,B
leaf_277,211.844819593173,C
leaf_278,211.755054533517,C
leaf_279,211.699145582728,C
leaf_280,211.51851065297,B
leaf_281,211.315636283456,C
leaf_282,211.208980076714,A
leaf_283,211.192964209047,A
leaf_284,211.088343863031,B
leaf_285,211.070730433781,C
leaf_286,211.003521430091,C
leaf_287,210.87817066831,B
leaf_288,210.655046461894,C
leaf_289,210.530785145368,B
leaf_290,210.465124542705,B
leaf_291,210.375037995979,A
leaf_292,210.295046390153,A
leaf_293,210.238118458759,C
leaf_294,210.19374391944,B
leaf_295,210.156049251668,B
leaf_296,210.056329011086,C
leaf_297,209.966251665728,B
leaf_298,209.8906908757,A
leaf_299,209.841095620689,C
leaf_300,209.73010900019,C
leaf_301,209.647605563659,C
leaf_302,209.633093195695,C
leaf_303,209.608125875471,B
leaf_304,209.553213758191,A
leaf_305,209.473301571018,B
leaf_306,209.425331738587,A
leaf_307,209.279436646491,B
leaf_308,209.278761851606,A
leaf_309,209.25551349316,A
leaf_310,208.934525335554,A
leaf_311,208.830651345266,B
leaf_312,208.721944486146,C
leaf_313,208.714188398485,B
leaf_314,208.682419257325,C
leaf_315,208.577666745647,A
leaf_316,208.552054936843,B
leaf_317,208.522835590666,A
leaf_318,208.349109927743,B
leaf_319,208.339304678223,C
leaf_320,208.145729073196,B
leaf_321,208.087912423606,B
leaf_322,208.013856342453,A
leaf_323,207.930448950412,B
leaf_324,207.908515030431,C
leaf_325,207.893891828278,A
leaf_326,207.873706263899,B
leaf_327,207.865191675263,B
leaf_328,207.702280585009,B
leaf_329,207.69050658039,B
leaf_330,207.637640359342,C
leaf_331,207.620470552966,B
leaf_332,207.588532768488,B
leaf_333,207.483072975159,A
leaf_334,207.447078972102,C
leaf_335,207.405372821189,B
leaf_336,207.187749514011,B
leaf_337,207.175497502128,B
leaf_338,206.926371998464,A
leaf_339,206.85761920224,B
leaf_340,206.857420103642,B
leaf_341,206.747444506194,A
leaf_342,206.711264082466,B
leaf_343,206.431074736613,C
leaf_344,206.385053861044,A
leaf_345,206.379942724055,B
leaf_346,206.294417829742,B
leaf_347,206.233483885346,B
leaf_348,206.175891563656,A
leaf_349,206.047615802048,C
leaf_350,205.981355098385,C
leaf_351,205.947351103509,B
leaf_352,205.823581037153,B
leaf_353,205.818346733897,B
leaf_354,205.790724617128,A
leaf_355,205.780303582909,B
leaf_356,205.695053289129,B
leaf_357,205.689819139917,B
leaf_358,205.427032647098,C
leaf_359,205.397933178654,C
leaf_360,205.384753064844,B
leaf_361,205.321434960016,C
leaf_362,205.254408651976,B
leaf_363,205.203272549035,C
leaf_364,205.15436958682,B
leaf_365,205.149613472675,C
leaf_366,204.903731288287,C
leaf_367,204.896436669137,B
leaf_368,204.881765276729,C
leaf_369,204.833133326195,B
leaf_370,204.809123829245,A
leaf_371,204.772366789332,A
leaf_372,204.764574713106,A
leaf_373,204.73322508763,B
leaf_374,204.714643826316,B
leaf_375,204.48774050685,B
leaf_376,204.445002704122,A
leaf_377,204.409939562797,B
leaf_378,204.389572710812,A
leaf_379,204.300126757603,C
leaf_380,204.19245354206,A
leaf_381,204.15021955825,B
leaf_382,204.143455104975,B
leaf_383,204.072891043796,C
leaf_384,204.040774585541,B
leaf_385,203.916067731753,B
leaf_386,203.886686355823,B
leaf_387,203.878764214909,B
leaf_388,203.86085355965,B
leaf_389,203.828511848825,C
leaf_390,203.720698043743,B
leaf_391,203.694661499187,B
leaf_392,203.661466552804,B
leaf_393,203.644361734099,C
leaf_394,203.624314220958,B
leaf_395,203.623702084095,B
leaf_396,203.481262945355,B
leaf_397,203.473116375855,C
leaf_398,203.453338972506,B
leaf_399,203.406235743119,C
leaf_400,203.391040503492,A
leaf_401,203.333313802067,B
leaf_402,203.28472413923,C
leaf_403,203.19755046536,C
leaf_404,203.150779361412,C
leaf_405,203.138406078489,A
leaf_406,203.053957515159,A
leaf_407,203.046851890435,B
leaf_408,203.00811920718,A
leaf_409,202.98060455033,A
leaf_410,202.895935695746,A
leaf_411,202.851239157387,B
leaf_412,202.849148361735,C
leaf_413,202.843853585709,C
leaf_414,202.84151244936,B
leaf_415,202.801101068667,B
leaf_416,202.70717869566,C
leaf_417,202.673828973584,A
leaf_418,202.664444067707,A
leaf_419,202.634106810697,C
leaf_420,202.633875590207,A
leaf_421,202.583026154966,B
leaf_422,202.569243972442,C
leaf_423,202.440704079513,C
leaf_424,202.431812984848,B
leaf_425,202.300640459683,B
leaf_426,202.270261991476,B
leaf_427,202.191463868344,A
leaf_428,202.146082801919,A
leaf_429,202.12138012791,B
leaf_430,201.962444160577,A
leaf_431,201.95183307967,B
leaf_432,201.94867311877,B
leaf_433,201.910812935994,B
leaf_434,201.9070876605,A
leaf_435,201.705509403865,B
leaf_436,201.67895495834,A
leaf_437,201.63013835527,A
leaf_438,201.627818978455,C
leaf_439,201.553033982945,B
leaf_440,201.437954172267,A
leaf_441,201.430476872428,B
leaf_442,201.368303592754,C
leaf_443,201.366688037791,C
leaf_444,201.361099150284,C
leaf_445,201.265746747908,A
leaf_446,201.245891741488,B
leaf_447,201.18678008036,B
leaf_448,201.144719607551,B
leaf_449,201.144518572021,C
leaf_450,201.01145741525,A
leaf_451,200.993845105746,C
leaf_452,200.908198413593,B
leaf_453,200.816919839617,B
leaf_454,200.807368506165,A
leaf_455,200.706981884612,B
leaf_456,200.687760039946,A
leaf_457,200.678519022618,B
leaf_458,200.609278249525,C
leaf_459,200.608276703601,A
leaf_460,200.604449549561,B
leaf_461,200.573834118219,B
leaf_462,200.552024147278,A
leaf_463,200.502681731341,C
leaf_464,200.499439408378,B
leaf_465,200.43965151634,B
leaf_466,200.438604135543,A
leaf_467,200.140176601592,A
leaf_468,200.077838191991,B
leaf_469,199.999247167949,B
leaf_470,199.96371239418,B
leaf_471,199.911211225455,C
leaf_472,199.884036392248,B
leaf_473,199.861504079807,B
leaf_474,199.833557800483,B
leaf_475,199.826418656574,C
leaf_476,199.819019032288,B
leaf_477,199.763570716809,A
leaf_478,199.70640783152,A
leaf_479,199.683366172504,A
leaf_480,199.63740753518,B
leaf_481,199.620724021793,C
leaf_482,199.578383922689,A
leaf_483,199.541040901506,B
leaf_484,199.516488246448,B
leaf_485,199.507185074115,B
leaf_486,199.480283386063,B
leaf_487,199.439985504634,C
leaf_488,199.398439828165,C
leaf_489,199.376949643232,C
leaf_490,199.363150404752,B
leaf_491,199.243156434168,A
leaf_492,199.241027021886,C
leaf_493,199.118157912228,B
leaf_494,199.079462115271,A
leaf_495,198.968091582411,C
leaf_496,198.965664495842,C
leaf_497,198.963267470772,A
leaf_498,198.927831930834,A
leaf_499,198.926399012606,B
leaf_500,198.89753245998,C
leaf_501,198.79941321178,A
leaf_502,198.770135285199,A
leaf_503,198.766308528132,B
leaf_504,198.764957957227,A
leaf_505,198.62074795671,C
leaf_506,198.611689178457,B
leaf_507,198.529671902911,A
leaf_508,198.4977577892,A
leaf_509,198.417844894422,B
leaf_510,198.333501417138,C
leaf_511,198.294906607202,B
leaf_512,198.26788053318,B
leaf_513,198.126109928444,C
leaf_514,198.103890634007,B
leaf_515,198.0751875942,C
leaf_516,198.066104633974,C
leaf_517,198.012716297927,B
leaf_518,197.997361175976,A
leaf_519,197.995504684067,C
leaf_520,197.96565392025,C
leaf_521,197.95768738649,B
leaf_522,197.91655070549,A
leaf_523,197.86472554663,A
leaf_524,197.861905382859,C
leaf_525,197.857750208687,B
leaf_526,197.793602431797,B
leaf_527,197.793214603209,A
leaf_528,197.786119384974,B
leaf_529,197.752568285883,B
leaf_530,197.706781287669,B
leaf_531,197.692452435646,C
leaf_532,197.584251515399,B
leaf_533,197.550456872812,B
leaf_534,197.48205951557,B
leaf_535,197.238369615757,B
leaf_536,197.202640811338,C
leaf_537,197.179923210705,A
leaf_538,197.162441941495,A
leaf_539,197.126941862999,C
leaf_540,197.109801245124,A
leaf_541,197.099628141679,C
leaf_542,197.083635633075,A
leaf_543,197.040436564103,A
leaf_544,196.98332557166,C
leaf_545,196.976895892638,B
leaf_546,196.868204844902,C
leaf_547,196.851489144239,B
leaf_548,196.847676208408,B
leaf_549,196.786716519664,A
leaf_550,196.743040680904,C
leaf_551,196.733044126349,A
leaf_552,196.661739018911,B
leaf_553,196.634088732609,C
leaf_554,196.57643525996,A
leaf_555,196.492357670711,C
leaf_556,196.423428187718,A
leaf_557,196.389078354583,B
leaf_558,196.382854767079,A
leaf_559,196.321500264608,C
leaf_560,196.316432108808,A
leaf_561,196.293506704665,B
leaf_562,196.267159485711,A
leaf_563,196.225755267389,C
leaf_564,196.018075701602,B
leaf_565,195.958772879117,C
leaf_566,195.89672561701,B
leaf_567,195.86832153968,B
leaf_568,195.861674153417,A
leaf_569,195.81439333955,B
leaf_570,195.776175877083,B
leaf_571,195.734814344755,C
leaf_572,195.724378179935,B
leaf_573,195.69818969013,B
leaf_574,195.678632175097,C
leaf_575,195.67602809761,A
leaf_576,195.632245306438,A
leaf_577,195.597028604813,B
leaf_578,195.587822844609,B
leaf_579,195.581888101676,B
leaf_580,195.555042682764,B
leaf_581,195.548976756709,C
leaf_582,195.522296945349,A
leaf_583,195.471376719912,C
leaf_584,195.46677834676,B
leaf_585,195.453886087742,C
leaf_586,195.371278318563,B
leaf_587,195.319271113184,C
leaf_588,195.245994243004,C
leaf_589,195.222299677933,B
leaf_590,195.219825427119,B
leaf_591,195.127678835786,B
leaf_592,195.122084732918,A
leaf_593,195.081634917302,B
leaf_594,195.051146049367,B
leaf_595,195.042545003817,B
leaf_596,195.02722373033,A
leaf_597,195.007458991391,B
leaf_598,194.988857961521,B
leaf_599,194.983985981502,B
leaf_600,194.957047778741,B
leaf_601,194.858369470117,C
leaf_602,194.84560389268,B
leaf_603,194.820190425527,B
leaf_604,194.782065623203,A
leaf_605,194.771033775618,B
leaf_606,194.717753775005,B
leaf_607,194.700465508335,B
leaf_608,194.682261783426,B
leaf_609,194.655385231589,C
leaf_610,194.472249806514,B
leaf_611,194.442858380914,B
leaf_612,194.365635468178,B
leaf_613,194.352926160406,A
leaf_614,194.315452845834,C
leaf_615,194.290936671441,C
leaf_616,194.289761064385,C
leaf_617,194.284066347195,B
leaf_618,194.275046288462,C
leaf_619,194.259172837247,C
leaf_620,194.226051382313,C
leaf_621,194.21216355617,B
leaf_622,194.187830680565,B
leaf_623,194.151614914276,C
leaf_624,194.124895951577,B
leaf_625,193.998130909516,B
leaf_626,193.937019162814,B
leaf_627,193.916430892396,C
leaf_628,193.886820015009,C
leaf_629,193.884597076124,B
leaf_630,193.869593024937,B
leaf_631,193.857573698256,B
leaf_632,193.802557597251,A
leaf_633,193.711443672888,B
leaf_634,193.705328322809,B
leaf_635,193.680237364541,B
leaf_636,193.678869554077,B
leaf_637,193.661984615513,B
leaf_638,193.652463769651,B
leaf_639,193.647243276686,A
leaf_640,193.641568483171,A
leaf_641,193.631862973829,A
leaf_642,193.612824425867,C
leaf_643,193.612022068342,C
leaf_644,193.606617370815,C
leaf_645,193.606334104422,C
leaf_646,193.516948970833,C
leaf_647,193.492860675796,B
leaf_648,193.449274657155,A
leaf_649,193.426642231329,C
leaf_650,193.397437433811,A
leaf_651,193.371322867315,B
leaf_652,193.363092967303,B
leaf_653,193.339524660467,A
leaf_654,193.226705431442,A
leaf_655,193.219115869343,A
leaf_656,193.183963862547,B
leaf_657,193.140737783266,C
leaf_658,193.110847474126,A
leaf_659,193.101692659026,B
leaf_660,193.0452960631,A
leaf_661,192.978790497945,A
leaf_662,192.934923061002,C
leaf_663,192.931668035415,A
leaf_664,192.850367675706,A
leaf_665,192.691235298287,B
leaf_666,192.688096496769,A
leaf_667,192.658809603816,A
leaf_668,192.651116652499,A
leaf_669,192.645394786365,B
leaf_670,192.59932482355,A
leaf_671,192.570412913878,C
leaf_672,192.532106828526,A
leaf_673,192.521089111547,B
leaf_674,192.518484304227,A
leaf_675,192.49521868311,B
leaf_676,192.494622219634,C
leaf_677,192.454406430569,B
leaf_678,192.436376465574,B
leaf_679,192.271637407612,B
leaf_680,192.262537242038,A
leaf_681,192.238184142554,C
leaf_682,192.201965759378,B
leaf_683,192.158711727014,B
leaf_684,192.156962961562,A
leaf_685,192.146147190007,B
leaf_686,192.130696339083,B
leaf_687,192.12722257143,A
leaf_688,192.072796932422,C
leaf_689,192.065080413927,C
leaf_690,192.06492956583,C
leaf_691,192.029314538663,C
leaf_692,191.92116166837,C
leaf_693,191.894884689807,C
leaf_694,191.872858568428,A
leaf_695,191.843755472755,B
leaf_696,191.767644905759,A
leaf_697,191.746081347472,C
leaf_698,191.732695944526,B
leaf_699,191.73122194253,A
leaf_700,191.704625542894,C
leaf_701,191.547790717613,A
leaf_702,191.527871519469,B
leaf_703,191.511836402133,C
leaf_704,191.487466207078,A
leaf_705,191.396862704916,A
leaf_706,191.396157262807,B
leaf_707,191.396144010033,B
leaf_708,191.361178579502,A
leaf_709,191.324839249871,B
leaf_710,191.315994986176,B
leaf_711,191.253659443348,A
leaf_712,191.143585415469,B
leaf_713,191.086194305176,A
leaf_714,190.966353839778,C
leaf_715,190.962864706773,B
leaf_716,190.951153082449,B
leaf_717,190.917809670897,B
leaf_718,190.916891946768,B
leaf_719,190.878625989931,A
leaf_720,190.843799028673,A
leaf_721,190.823929535746,A
leaf_722,190.799896500607,A
leaf_723,190.758011576806,B
leaf_724,190.735858047458,C
leaf_725,190.722722168842,B
leaf_726,190.715690184406,A
leaf_727,190.645255108303,A
leaf_728,190.636359275497,B
leaf_729,190.618894782207,B
leaf_730,190.602191560933,A
leaf_731,190.472374859124,C
leaf_732,190.414694598937,C
leaf_733,190.391757865968,B
leaf_734,190.328604406696,B
leaf_735,190.319782279267,B
leaf_736,190.302932303646,A
leaf_737,190.284823045723,B
leaf_738,190.275212121189,A
leaf_739,190.242841349049,C
leaf_740,190.241901686507,B
leaf_741,190.237087419061,A
leaf_742,190.224123010439,C
leaf_743,190.207117151732,A
leaf_744,190.185695272343,C
leaf_745,190.164481277148,B
leaf_746,190.144639732607,A
leaf_747,190.086597858492,B
leaf_748,190.02880789093,C
leaf_749,189.94430931508,A
leaf_750,189.909459770201,C
leaf_751,189.888011126929,B
leaf_752,189.857022244685,B
leaf_753,189.850326045568,C
leaf_754,189.80524143504,B
leaf_755,189.773759581357,B
leaf_756,189.762472820583,A
leaf_757,189.753950957326,A
leaf_758,189.710612733608,A
leaf_759,189.597374455809,B
leaf_760,189.589351156011,C
leaf_761,189.512800656995,A
leaf_762,189.47893823159,B
leaf_763,189.466484180627,A
leaf_764,189.454677888389,C
leaf_765,189.416079953856,C
leaf_766,189.414103501104,B
leaf_767,189.3665676104,B
leaf_768,189.273269413524,B
leaf_769,189.244053766862,C
leaf_770,189.238475568053,A
leaf_771,189.181704075923,B
leaf_772,189.166110163944,A
leaf_773,189.162573522193,A
leaf_774,189.120173852864,B
leaf_775,189.042475182818,A
leaf_776,188.973415991562,B
leaf_777,188.950324421103,B
leaf_778,188.909949463884,B
leaf_779,188.830843377883,B
leaf_780,188.766301361846,A
leaf_781,188.752124832417,B
leaf_782,188.704815396872,A
leaf_783,188.692295116187,C
leaf_784,188.659233395946,C
leaf_785,188.639087787569,B
leaf_786,188.627674865183,B
leaf_787,188.626996917549,B
leaf_788,188.563633315254,B
leaf_789,188.519023933051,B
leaf_790,188.513883284132,A
leaf_791,188.472539466281,C
leaf_792,188.455847992517,A
leaf_793,188.366972970297,A
leaf_794,188.294170226098,A
leaf_795,188.293882006772,A
leaf_796,188.286716852724,B
leaf_797,188.266700297139,C
leaf_798,188.251140877283,C
leaf_799,188.232892160361,A
leaf_800,188.133954194939,A
leaf_801,188.100773263382,B
leaf_802,188.036200065864,A
leaf_803,187.909191878846,B
leaf_804,187.880846730453,A
leaf_805,187.861708683335,B
leaf_806,187.83058193273,B
leaf_807,187.817710103407,A
leaf_808,187.784805103704,C
leaf_809,187.78321457109,C
leaf_810,187.770013276066,C
leaf_811,187.732131351421,C
leaf_812,187.721901417987,B
leaf_813,187.705671655289,B
leaf_814,187.703209558094,B
leaf_815,187.690214346322,B
leaf_816,187.585554365328,A
leaf_817,187.482414428473,C
leaf_818,187.35459818143,B
leaf_819,187.346222399238,B
leaf_820,187.283553628925,C
leaf_821,187.221606999408,B
leaf_822,187.17033900007,C
leaf_823,187.060917837198,B
leaf_824,186.973160254307,B
leaf_825,186.932036997168,C
leaf_826,186.896236788278,A
leaf_827,186.831221009763,C
leaf_828,186.821723672455,B
leaf_829,186.813812430667,C
leaf_830,186.792786708986,B
leaf_831,186.773067970628,C
leaf_832,186.737082913266,B
leaf_833,186.724259571772,B
leaf_834,186.697946048612,A
leaf_835,186.630708207484,C
leaf_836,186.607934883231,B
leaf_837,186.563939574946,A
leaf_838,186.468941760812,B
leaf_839,186.458636903338,C
leaf_840,186.456110494661,B
leaf_841,186.411523506553,B
leaf_842,186.406679194286,B
leaf_843,186.297509813032,A
leaf_844,186.277994858648,A
leaf_845,186.248071599681,A
leaf_846,186.247231598275,C
leaf_847,186.189584018382,C
leaf_848,186.172814555294,C
leaf_849,186.137196722796,B
leaf_850,186.123446326316,A
leaf_851,186.084250271834,C
leaf_852,186.037105742303,A
leaf_853,185.93112590733,C
leaf_854,185.903312392196,B
leaf_855,185.864986779071,A
leaf_856,185.860046330628,C
leaf_857,185.84054652132,C
leaf_858,185.7590258078,C
leaf_859,185.740310527079,B
leaf_860,185.682575768956,A
leaf_861,185.664515854497,C
leaf_862,185.588508398598,A
leaf_863,185.496732174559,A
leaf_864,185.468498207445,B
leaf_865,185.44220824929,C
leaf_866,185.353073701039,A
leaf_867,185.328945871085,B
leaf_868,185.321086661783,B
leaf_869,185.318600751985,C
leaf_870,185.273182680824,B
leaf_871,185.269773364146,B
leaf_872,185.254366261915,A
leaf_873,185.215769948094,C
leaf_874,185.195161819173,B
leaf_875,185.147150750313,A
leaf_876,185.130091388052,B
leaf_877,185.01655271893,C
leaf_878,184.952344284486,C
leaf_879,184.951652684964,B
leaf_880,184.915381280773,A
leaf_881,184.908726132393,A
leaf_882,184.826873566011,B
leaf_883,184.789622092599,B
leaf_884,184.731567299633,B
leaf_885,184.728389256228,A
leaf_886,184.68141399427,B
leaf_887,184.659319248909,B
leaf_888,184.607115176161,A
leaf_889,184.602155723736,A
leaf_890,184.511955823154,C
leaf_891,184.508072447575,B
leaf_892,184.475120541911,A
leaf_893,184.434133619295,A
leaf_894,184.3410562865,B
leaf_895,184.301984014748,A
leaf_896,184.301349121702,C
leaf_897,184.28022356539,A
leaf_898,184.236391869184,B
leaf_899,184.118237643502,B
leaf_900,184.094861946051,A
leaf_901,184.071934736031,C
leaf_902,184.036542913447,B
leaf_903,184.017310511032,B
leaf_904,184.008786820634,A
leaf_905,183.983701459613,B
leaf_906,183.95933470898,B
leaf_907,183.949365953758,A
leaf_908,183.878112268625,B
leaf_909,183.871939925035,C
leaf_910,183.827488576438,C
leaf_911,183.819412583942,C
leaf_912,183.812715733007,B
leaf_913,183.794711387046,A
leaf_914,183.780581596646,B
leaf_915,183.760068190902,C
leaf_916,183.753405106887,B
leaf_917,183.746848478056,B
leaf_918,183.737562853426,A
leaf_919,183.732736542434,A
leaf_920,183.656824522273,B
leaf_921,183.588274412405,A
leaf_922,183.559598274098,A
leaf_923,183.553156252038,A
leaf_924,183.406682444123,B
leaf_925,183.353836263896,C
leaf_926,183.342257845834,A
leaf_927,183.321945989283,B
leaf_928,183.307418963244,A
leaf_929,183.249938684389,A
leaf_930,183.228430175038,B
leaf_931,183.188668957918,B
leaf_932,183.126608905571,B
leaf_933,183.043410356348,C
leaf_934,183.009065746782,B
leaf_935,182.973161508375,B
leaf_936,182.955327884848,B
leaf_937,182.950899846625,C
leaf_938,182.943667525496,A
leaf_939,182.927339795162,A
leaf_940,182.925765571419,B
leaf_941,182.913643476287,C
leaf_942,182.90978365323,B
leaf_943,182.885062364776,A
leaf_944,182.846893614385,B
leaf_945,182.835893686161,A
leaf_946,182.820445132459,C
leaf_947,182.798759065185,C
leaf_948,182.7818721996,B
leaf_949,182.776215339123,A
leaf_950,182.772402482954,C
leaf_951,182.732875596278,B
leaf_952,182.707628219558,C
leaf_953,182.691521111158,B
leaf_954,182.682547635563,C
leaf_955,182.672150904138,A
leaf_956,182.660191270369,C
leaf_957,182.594896987284,B
leaf_958,182.531271817287,C
leaf_959,182.499364343634,B
leaf_960,182.446167602514,B
leaf_961,182.42847187939,C
leaf_962,182.419622223177,A
leaf_963,182.413586673584,C
leaf_964,182.412794899496,B
leaf_965,182.397002599032,C
leaf_966,182.395036229244,B
leaf_967,182.382438195853,A
leaf_968,182.36967618657,A
leaf_969,182.272003983925,B
leaf_970,182.242988212172,C
leaf_971,182.235192591002,B
leaf_972,182.201632824604,B
leaf_973,182.188435297323,A
leaf_974,182.183256951482,C
leaf_975,182.181700534224,B
leaf_976,182.157669000336,C
leaf_977,182.147511412875,C
leaf_978,182.077923465179,B
leaf_979,181.93856272761,C
leaf_980,181.937956252614,A
leaf_981,181.844207171177,B
leaf_982,181.818951792787,C
leaf_983,181.812269595248,B
leaf_984,181.79477387591,C
leaf_985,181.771700753142,A
leaf_986,181.742858086119,C
leaf_987,181.735089023599,C
leaf_988,181.650276644535,C
leaf_989,181.604295630174,A
leaf_990,181.572270121845,A
leaf_991,181.564143919363,C
leaf_992,181.547295059345,B
leaf_993,181.539292112294,B
leaf_994,181.524078595682,C
leaf_995,181.521542341046,B
leaf_996,181.487678069007,A
leaf_997,181.446891510102,B
leaf_998,181.423089204571,C
leaf_999,181.413440741053,B
leaf_1000,181.374614280344,B
leaf_1001,181.345993561236,A
leaf_1002,181.300823490107,A
leaf_1003,181.298867258376,B
leaf_1004,181.296455927934,C
leaf_1005,181.286218017161,A
leaf_1006,181.2724398264,C
leaf_1007,181.263624576975,C
leaf_1008,181.234817711381,C
leaf_1009,181.229316698613,A
leaf_1010,181.225395999196,A
leaf_1011,181.195388303481,A
leaf_1012,181.1885945569,A
leaf_1013,181.152778059238,B
leaf_1014,181.128447988307,A
leaf_1015,181.077857481176,C
leaf_1016,181.062066348681,A
leaf_1017,181.050900780944,A
leaf_1018,180.974063131098,A
leaf_1019,180.905792382501,A
leaf_1020,180.86862997453,C
leaf_1021,180.865679528834,C
leaf_1022,180.854361458238,C
leaf_1023,180.845497627183,C
leaf_1024,180.841916472682,B
leaf_1025,180.747433986383,A
leaf_1026,180.693534148653,C
leaf_1027,180.689957031626,B
leaf_1028,180.678613470226,B
leaf_1029,180.609489811497,A
leaf_1030,180.604459540407,A
leaf_1031,180.57620544742,A
leaf_1032,180.570368713625,B
leaf_1033,180.519868447644,C
leaf_1034,180.516999384168,A
leaf_1035,180.496768347049,B
leaf_1036,180.458425678805,C
leaf_1037,180.446222896663,C
leaf_1038,180.388343173502,B
leaf_1039,180.342710020056,B
leaf_1040,180.225506040198,C
leaf_1041,180.216905104672,A
leaf_1042,180.213054335518,A
leaf_1043,180.181644096016,C
leaf_1044,180.135760717496,B
leaf_1045,180.093425738833,C
leaf_1046,180.08818505847,B
leaf_1047,180.07090051682,A
leaf_1048,180.016644366205,A
leaf_1049,180.00916317277,B
leaf_1050,179.937254483835,C
leaf_1051,179.893796476919,B
leaf_1052,179.881253367175,A
leaf_1053,179.878932903616,B
leaf_1054,179.863276186408,A
leaf_1055,179.852811914051,A
leaf_1056,179.775316011215,C
leaf_1057,179.728559640369,C
leaf_1058,179.700881885314,B
leaf_1059,179.664810306794,A
leaf_1060,179.606759333694,C
leaf_1061,179.591841677522,C
leaf_1062,179.538752148318,C
leaf_1063,179.465483242559,A
leaf_1064,179.43654512974,B
leaf_1065,179.413802678674,C
leaf_1066,179.410618458623,B
leaf_1067,179.342715618226,C
leaf_1068,179.316743408708,B
leaf_1069,179.267581375538,C
leaf_1070,179.252542935336,B
leaf_1071,179.170858011289,B
leaf_1072,179.157208738562,B
leaf_1073,179.152133583338,B
leaf_1074,179.144223038209,B
leaf_1075,179.137798440075,B
leaf_1076,179.085542589497,B
leaf_1077,179.039054285601,C
leaf_1078,179.022991596854,B
leaf_1079,178.994898296588,B
leaf_1080,178.952224402727,C
leaf_1081,178.936690756831,B
leaf_1082,178.913857998763,B
leaf_1083,178.90114429087,C
leaf_1084,178.878545096196,B
leaf_1085,178.825835440194,B
leaf_1086,178.735525675162,B
leaf_1087,178.713766497127,A
leaf_1088,178.703682960948,C
leaf_1089,178.675824442039,B
leaf_1090,178.663552721097,B
leaf_1091,178.623130643573,A
leaf_1092,178.596481259601,B
leaf_1093,178.574760075673,B
leaf_1094,178.486282697777,C
leaf_1095,178.45627777845,A
leaf_1096,178.451743240673,B
leaf_1097,178.417599190753,B
leaf_1098,178.394005072969,A
leaf_1099,178.383578443919,A
leaf_1100,178.372581034395,C
leaf_1101,178.356338571439,B
leaf_1102,178.297910759093,C
leaf_1103,178.288773895155,C
leaf_1104,178.283117376602,B
leaf_1105,178.231884021028,A
leaf_1106,178.215940815441,A
leaf_1107,178.206443553659,A
leaf_1108,178.157967709179,B
leaf_1109,178.150051141468,B
leaf_1110,178.11638539574,C
leaf_1111,178.085840528545,B
leaf_1112,178.064317954224,C
leaf_1113,177.905645638935,B
leaf_1114,177.861448957839,C
leaf_1115,177.842658389877,C
leaf_1116,177.773541593665,B
leaf_1117,177.739450683482,C
leaf_1118,177.709679449751,C
leaf_1119,177.649484272288,B
leaf_1120,177.605845544273,B
leaf_1121,177.573410043182,B
leaf_1122,177.572101746164,C
leaf_1123,177.510404713086,A
leaf_1124,177.454653808543,B
leaf_1125,177.449389580624,A
leaf_1126,177.38619612285,A
leaf_1127,177.282443712098,C
leaf_1128,177.280582044683,B
leaf_1129,177.250550511392,C
leaf_1130,177.2450764848,A
leaf_1131,177.227676029538,A
leaf_1132,177.217389911122,A
leaf_1133,177.156895939954,C
leaf_1134,177.146575729646,B
leaf_1135,177.121644257322,A
leaf_1136,177.05010326884,A
leaf_1137,177.026825743386,B
leaf_1138,176.993320281273,A
leaf_1139,176.969887777533,C
leaf_1140,176.957476001819,A
leaf_1141,176.940384839181,B
leaf_1142,176.820687826988,C
leaf_1143,176.798963262476,C
leaf_1144,176.776891936904,B
leaf_1145,176.697166967071,A
leaf_1146,176.685691329506,C
leaf_1147,176.666136286869,A
leaf_1148,176.63458593439,A
leaf_1149,176.633524925675,A
leaf_1150,176.583212804112,C
leaf_1151,176.524119979102,C
leaf_1152,176.509874852723,A
leaf_1153,176.475720037305,B
leaf_1154,176.445006267326,A
leaf_1155,176.36496831645,A
leaf_1156,176.344686273061,B
leaf_1157,176.296586232492,A
leaf_1158,176.294963721165,C
leaf_1159,176.27711813718,B
leaf_1160,176.260870868051,A
leaf_1161,176.222940287759,A
leaf_1162,176.21793696132,C
leaf_1163,176.108674802202,B
leaf_1164,176.103275307866,B
leaf_1165,176.080486428992,A
leaf_1166,176.075852926088,B
leaf_1167,176.062941737045,A
leaf_1168,176.055821719251,C
leaf_1169,175.866250588874,A
leaf_1170,175.863662466831,A
leaf_1171,175.832659510476,B
leaf_1172,175.813555788964,A
leaf_1173,175.811092582077,C
leaf_1174,175.808172085261,B
leaf_1175,175.7911059175,C
leaf_1176,175.759275533881,C
leaf_1177,175.758371424682,B
leaf_1178,175.74505176404,B
leaf_1179,175.708771662794,B
leaf_1180,175.681043137362,B
leaf_1181,175.627325929603,B
leaf_1182,175.623176441909,B
leaf_1183,175.584299047947,A
leaf_1184,175.549395433913,A
leaf_1185,175.544383332964,C
leaf_1186,175.522889823195,B
leaf_1187,175.511161105364,B
leaf_1188,175.468221010407,C
leaf_1189,175.434549353696,C
leaf_1190,175.372503189442,C
leaf_1191,175.326981544156,A
leaf_1192,175.325550930606,C
leaf_1193,175.296770257857,A
leaf_1194,175.278244663759,C
leaf_1195,175.219217279377,B
leaf_1196,175.202762022484,B
leaf_1197,175.138040384183,B
leaf_1198,175.136064943258,C
leaf_1199,175.120007730482,A
leaf_1200,175.106354882574,A
leaf_1201,175.047081018382,C
leaf_1202,174.985083853404,B
leaf_1203,174.961706744651,A
leaf_1204,174.948944405293,B
leaf_1205,174.942562078287,A
leaf_1206,174.880936692819,A
leaf_1207,174.863428603384,B
leaf_1208,174.801931387525,B
leaf_1209,174.783109034776,C
leaf_1210,174.74443823859,C
leaf_1211,174.740377971287,B
leaf_1212,174.68995367505,B
leaf_1213,174.625921780945,C
leaf_1214,174.624305196782,C
leaf_1215,174.522807498921,B
leaf_1216,174.522605590115,B
leaf_1217,174.477342114954,B
leaf_1218,174.474574433711,A
leaf_1219,174.468025195495,C
leaf_1220,174.455197583782,A
leaf_1221,174.453093699322,B
leaf_1222,174.417453545826,A
leaf_1223,174.376085301845,C
leaf_1224,174.354861332855,A
leaf_1225,174.344441940366,A
leaf_1226,174.320013640441,C
leaf_1227,174.297258423451,B
leaf_1228,174.234133535015,C
leaf_1229,174.118770276777,A
leaf_1230,174.09409893122,A
leaf_1231,174.073366592921,A
leaf_1232,174.073206669697,A
leaf_1233,174.005724187191,C
leaf_1234,173.952813827426,B
leaf_1235,173.874096970372,A
leaf_1236,173.731550617986,C
leaf_1237,173.693720247617,A
leaf_1238,173.651290765324,A
leaf_1239,173.649359286079,C
leaf_1240,173.569514024126,B
leaf_1241,173.542375240884,C
leaf_1242,173.541847060724,A
leaf_1243,173.51273215493,B
leaf_1244,173.498754762892,A
leaf_1245,173.48377698628,A
leaf_1246,173.46353416597,A
leaf_1247,173.447220666004,A
leaf_1248,173.440676078703,C
leaf_1249,173.417003630289,C
leaf_1250,173.322687587598,B
leaf_1251,173.316955837916,C
leaf_1252,173.258596139687,C
leaf_1253,173.246819708567,C
leaf_1254,173.243849775069,B
leaf_1255,173.143434847435,B
leaf_1256,173.121347398696,B
leaf_1257,173.027015526391,B
leaf_1258,172.976503492989,C
leaf_1259,172.970383825457,A
leaf_1260,172.941133428762,C
leaf_1261,172.940972866608,C
leaf_1262,172.935242519242,C
leaf_1263,172.873418616537,A
leaf_1264,172.868835058648,A
leaf_1265,172.851442019269,C
leaf_1266,172.824521670061,B
leaf_1267,172.813808926352,C
leaf_1268,172.8100879525,B
leaf_1269,172.801266391561,A
leaf_1270,172.725593887439,C
leaf_1271,172.698847257469,C
leaf_1272,172.697774620589,C
leaf_1273,172.693342016717,A
leaf_1274,172.652787252418,B
leaf_1275,172.650877015094,A
leaf_1276,172.640874649796,C
leaf_1277,172.611837377642,A
leaf_1278,172.52914889498,B
leaf_1279,172.478507202339,C
leaf_1280,172.441509039565,A
leaf_1281,172.433014266819,C
leaf_1282,172.408734324981,B
leaf_1283,172.369499117399,A
leaf_1284,172.273905385428,B
leaf_1285,172.266051784746,A
leaf_1286,172.230648544139,C
leaf_1287,172.212340094008,A
leaf_1288,172.189825386362,C
leaf_1289,172.182474857941,B
leaf_1290,172.117098204518,C
leaf_1291,172.09844788015,C
leaf_1292,172.096092918784,C
leaf_1293,172.089642334286,B
leaf_1294,172.084839561575,A
leaf_1295,172.082916723947,A
leaf_1296,172.0721178754,A
leaf_1297,172.067692516557,B
leaf_1298,172.066801221044,A
leaf_1299,172.0635715626,C
leaf_1300,172.060888032127,B
leaf_1301,172.059686808915,B
leaf_1302,171.936517292332,B
leaf_1303,171.933654667179,C
leaf_1304,171.855879506968,A
leaf_1305,171.818898462688,A
leaf_1306,171.806253687891,A
leaf_1307,171.798642691237,A
leaf_1308,171.796210970356,B
leaf_1309,171.78320289558,A
leaf_1310,171.770821900192,C
leaf_1311,171.762647238279,B
leaf_1312,171.735715999984,C
leaf_1313,171.702977727126,C
leaf_1314,171.695449145643,B
leaf_1315,171.676478975903,C
leaf_1316,171.654601846092,C
leaf_1317,171.605061241152,A
leaf_1318,171.540064908273,C
leaf_1319,171.51165006674,A
leaf_1320,171.461555286148,A
leaf_1321,171.457172713536,C
leaf_1322,171.446184362874,A
leaf_1323,171.283446000366,A
leaf_1324,171.278571873053,C
leaf_1325,171.25750063604,A
leaf_1326,171.247251213568,C
leaf_1327,171.245996296411,A
leaf_1328,171.220467253129,A
leaf_1329,171.209366795532,C
leaf_1330,171.125151532328,A
leaf_1331,171.107173092993,B
leaf_1332,171.078181129268,C
leaf_1333,171.065727031987,C
leaf_1334,171.00390578103,C
leaf_1335,170.930889472698,B
leaf_1336,170.914467358004,C
leaf_1337,170.872082581211,C
leaf_1338,170.868205849602,C
leaf_1339,170.855074996551,A
leaf_1340,170.77013280406,B
leaf_1341,170.711590766092,A
leaf_1342,170.633271775602,A
leaf_1343,170.618216361395,C
leaf_1344,170.548579984314,C
leaf_1345,170.51866429977,B
leaf_1346,170.515259593624,C
leaf_1347,170.438795529277,B
leaf_1348,170.410034026738,C
leaf_1349,170.372393428486,C
leaf_1350,170.323301361273,B
leaf_1351,170.288838096929,B
leaf_1352,170.275940544699,B
leaf_1353,170.181112934532,A
leaf_1354,170.140634814993,B
leaf_1355,170.134677857346,B
leaf_1356,170.08992954668,C
leaf_1357,170.044044465913,B
leaf_1358,170.029775718072,C
leaf_1359,169.959422050294,A
leaf_1360,169.950918152813,B
leaf_1361,169.934787210914,A
leaf_1362,169.9229679877,C
leaf_1363,169.865091841872,A
leaf_1364,169.849388707762,B
leaf_1365,169.832068286323,A
leaf_1366,169.820408019897,B
leaf_1367,169.815758312201,B
leaf_1368,169.786709300408,B
leaf_1369,169.715212426051,B
leaf_1370,169.689738201858,C
leaf_1371,169.670741336837,A
leaf_1372,169.663370159355,C
leaf_1373,169.609355846078,A
leaf_1374,169.515145931747,B
leaf_1375,169.504986784282,B
leaf_1376,169.488675243759,C
leaf_1377,169.45105755741,A
leaf_1378,169.400126895224,A
leaf_1379,169.396417713941,B
leaf_1380,169.368271476495,C
leaf_1381,169.306991024223,C
leaf_1382,169.304179524777,A
leaf_1383,169.274515663253,B
leaf_1384,169.274206199574,B
leaf_1385,169.267537411766,A
leaf_1386,169.188862843517,C
leaf_1387,169.188394187643,B
leaf_1388,169.186088622981,A
leaf_1389,169.16483555488,B
leaf_1390,169.130045312169,A
leaf_1391,169.047230377545,B
leaf_1392,169.037746640868,A
leaf_1393,169.012099996182,B
leaf_1394,168.879106995755,A
leaf_1395,168.867613035284,A
leaf_1396,168.847114178599,B
leaf_1397,168.817429928026,C
leaf_1398,168.775796394692,A
leaf_1399,168.771219946703,C
leaf_1400,168.718486177488,A
leaf_1401,168.712384898946,B
leaf_1402,168.679274592269,A
leaf_1403,168.648680949503,C
leaf_1404,168.613902590336,B
leaf_1405,168.606115590155,B
leaf_1406,168.583949238963,C
leaf_1407,168.582220741963,B
leaf_1408,168.5660417664,A
leaf_1409,168.557968015979,A
leaf_1410,168.517112651246,B
leaf_1411,168.437393628334,B
leaf_1412,168.358561626713,A
leaf_1413,168.326342318525,B
leaf_1414,168.27643571003,C
leaf_1415,168.197442301331,B
leaf_1416,168.186749769802,A
leaf_1417,168.118008658065,A
leaf_1418,168.08860432093,C
leaf_1419,168.06349965474,C
leaf_1420,167.956612071528,C
leaf_1421,167.915953683526,A
leaf_1422,167.822308534514,A
leaf_1423,167.810838446659,B
leaf_1424,167.768162838045,C
leaf_1425,167.758065190641,C
leaf_1426,167.751429244512,B
leaf_1427,167.638705306535,A
leaf_1428,167.573572659673,A
leaf_1429,167.555500774169,A
leaf_1430,167.544869879332,B
leaf_1431,167.540818780734,C
leaf_1432,167.523360276478,C
leaf_1433,167.517938120427,B
leaf_1434,167.513537424,A
leaf_1435,167.472666053819,A
leaf_1436,167.454484047449,C
leaf_1437,167.422255496737,B
leaf_1438,167.361925339062,A
leaf_1439,167.359838795574,C
leaf_1440,167.336715354946,A
leaf_1441,167.327680485324,A
leaf_1442,167.318152472759,B
leaf_1443,167.20353646629,A
leaf_1444,167.187270222888,A
leaf_1445,167.186429595231,B
leaf_1446,167.116099886028,B
leaf_1447,167.090124687387,A
leaf_1448,167.021769046928,B
leaf_1449,166.998530507682,A
leaf_1450,166.919069941608,A
leaf_1451,166.900008202044,C
leaf_1452,166.890684895367,A
leaf_1453,166.880138839073,B
leaf_1454,166.801988608497,B
leaf_1455,166.792951473406,A
leaf_1456,166.656518422918,B
leaf_1457,166.651891756865,A
leaf_1458,166.602390430842,A
leaf_1459,166.583824416645,C
leaf_1460,166.577544178624,B
leaf_1461,166.548203597724,C
leaf_1462,166.5417056442,C
leaf_1463,166.531661458246,A
leaf_1464,166.490384882278,B
leaf_1465,166.391863893353,A
leaf_1466,166.343310441234,C
leaf_1467,166.325784468877,C
leaf_1468,166.313735361226,A
leaf_1469,166.183359510575,A
leaf_1470,166.181392120916,C
leaf_1471,166.179478097487,B
leaf_1472,166.132967192471,A
leaf_1473,166.120005614353,C
leaf_1474,166.061150759567,C
leaf_1475,166.045960212862,A
leaf_1476,166.032036870526,A
leaf_1477,166.02001160996,A
leaf_1478,166.012737432125,B
leaf_1479,166.002036226287,B
leaf_1480,165.998455641214,C
leaf_1481,165.990566013383,A
leaf_1482,165.947898472649,A
leaf_1483,165.941828726252,A
leaf_1484,165.926874583224,B
leaf_1485,165.911860556605,A
leaf_1486,165.862425759494,C
leaf_1487,165.814607803394,B
leaf_1488,165.747194953822,C
leaf_1489,165.726674855614,C
leaf_1490,165.693821819169,A
leaf_1491,165.649481796436,B
leaf_1492,165.63858648029,A
leaf_1493,165.630684865728,A
leaf_1494,165.630001998282,A
leaf_1495,165.612281622156,B
leaf_1496,165.552950402702,A
leaf_1497,165.532802782666,C
leaf_1498,165.527015379673,B
leaf_1499,165.495453446004,B
leaf_1500,165.48667346653,A
leaf_1501,165.445824252154,B
leaf_1502,165.444823634129,A
leaf_1503,165.438647969071,A
leaf_1504,165.355012097356,B
leaf_1505,165.315809254383,A
leaf_1506,165.264866219975,A
leaf_1507,165.263351158611,B
leaf_1508,165.192315288088,A
leaf_1509,165.181326053415,B
leaf_1510,165.16225954765,A
leaf_1511,165.124026971271,A
leaf_1512,165.092453694207,A
leaf_1513,165.083754103391,C
leaf_1514,165.072625274726,C
leaf_1515,165.029490219424,B
leaf_1516,165.020885669967,B
leaf_1517,164.982517258723,C
leaf_1518,164.954535647631,C
leaf_1519,164.924028516274,A
leaf_1520,164.920844493837,A
leaf_1521,164.912260551472,B
leaf_1522,164.905593789511,C
leaf_1523,164.897870099907,B
leaf_1524,164.812910613165,B
leaf_1525,164.791609843773,C
leaf_1526,164.788903683579,C
leaf_1527,164.782660237853,A
leaf_1528,164.78254374053,A
leaf_1529,164.778980354462,C
leaf_1530,164.767378145032,C
leaf_1531,164.73046418581,C
leaf_1532,164.721367508537,A
leaf_1533,164.704173637052,A
leaf_1534,164.69396157116,B
leaf_1535,164.679385431318,C
leaf_1536,164.673455095814,B
leaf_1537,164.672417845803,A
leaf_1538,164.644554328102,B
leaf_1539,164.644416691468,C
leaf_1540,164.621638384948,B
leaf_1541,164.592944236671,A
leaf_1542,164.58762535611,A
leaf_1543,164.562880578651,B
leaf_1544,164.524768649059,C
leaf_1545,164.515943036154,A
leaf_1546,164.491320295577,A
leaf_1547,164.442528554354,B
leaf_1548,164.440407734584,A
leaf_1549,164.430650926463,C
leaf_1550,164.419163352442,B
leaf_1551,164.372177836272,A
leaf_1552,164.349364457564,A
leaf_1553,164.345040188346,A
leaf_1554,164.29819972992,C
leaf_1555,164.28514510274,C
leaf_1556,164.256893553047,A
leaf_1557,164.241182765349,A
leaf_1558,164.221785528791,C
leaf_1559,164.218773497082,B
leaf_1560,164.217631161676,C
leaf_1561,164.201252594499,C
leaf_1562,164.164268585822,B
leaf_1563,164.148455538766,A
leaf_1564,164.059322412984,B
leaf_1565,164.058346683148,C
leaf_1566,164.042576705898,B
leaf_1567,164.002807875036,A
leaf_1568,163.968259913696,C
leaf_1569,163.84183703986,C
leaf_1570,163.831664650335,A
leaf_1571,163.801626479946,C
leaf_1572,163.772120651578,A
leaf_1573,163.726919332197,C
leaf_1574,163.711071995328,B
leaf_1575,163.666544009476,A
leaf_1576,163.651619052168,A
leaf_1577,163.632748048575,B
leaf_1578,163.627447221857,C
leaf_1579,163.621788108239,A
leaf_1580,163.61683212058,A
leaf_1581,163.603676735822,B
leaf_1582,163.582647412448,A
leaf_1583,163.581165980061,C
leaf_1584,163.417809875405,A
leaf_1585,163.406224909397,A
leaf_1586,163.378746996381,C
leaf_1587,163.35449186771,A
leaf_1588,163.353883222029,A
leaf_1589,163.313071058343,A
leaf_1590,163.291208750375,B
leaf_1591,163.280179989265,B
leaf_1592,163.264996822544,A
leaf_1593,163.228365697208,B
leaf_1594,163.196694822438,A
leaf_1595,163.191340676617,C
leaf_1596,163.186702443715,C
leaf_1597,163.184412392798,A
leaf_1598,163.08779787149,C
leaf_1599,163.043689820541,A
leaf_1600,163.012756452516,A
leaf_1601,163.008357940083,C
leaf_1602,163.001917239488,B
leaf_1603,162.932528326707,A
leaf_1604,162.792366064918,C
leaf_1605,162.791951216981,A
leaf_1606,162.778107598752,B
leaf_1607,162.770073843631,C
leaf_1608,162.734332604511,A
leaf_1609,162.645173619831,A
leaf_1610,162.636396171745,C
leaf_1611,162.636344747789,A
leaf_1612,162.599629946038,A
leaf_1613,162.588028847214,A
leaf_1614,162.576367408921,C
leaf_1615,162.569244270553,C
leaf_1616,162.532874994917,C
leaf_1617,162.493782618837,C
leaf_1618,162.448032799314,C
leaf_1619,162.400990125928,A
leaf_1620,162.333085754926,C
leaf_1621,162.254744587957,C
leaf_1622,162.187339884188,C
leaf_1623,162.149653713359,A
leaf_1624,162.010495415448,C
leaf_1625,161.999282838646,A
leaf_1626,161.971559694525,C
leaf_1627,161.968664057342,A
leaf_1628,161.956700434734,C
leaf_1629,161.883175183369,B
leaf_1630,161.868202109469,C
leaf_1631,161.838332890557,B
leaf_1632,161.813167798383,B
leaf_1633,161.753207192868,A
leaf_1634,161.732596609647,A
leaf_1635,161.690988385991,C
leaf_1636,161.608924452012,A
leaf_1637,161.59417732885,B
leaf_1638,161.592170672108,C
leaf_1639,161.526860492515,A
leaf_1640,161.520432958212,B
leaf_1641,161.484936002513,C
leaf_1642,161.458080317514,C
leaf_1643,161.450795621736,B
leaf_1644,161.423215357779,A
leaf_1645,161.400012978769,B
leaf_1646,161.355075157584,C
leaf_1647,161.2762486491,A
leaf_1648,161.255523972039,C
leaf_1649,161.226146673155,B
leaf_1650,161.169923881568,C
leaf_1651,161.110055670112,C
leaf_1652,161.086847191288,C
leaf_1653,161.081774708631,A
leaf_1654,161.060609179514,B
leaf_1655,161.037137059253,A
leaf_1656,160.992281550263,C
leaf_1657,160.976376954976,C
leaf_1658,160.961860722455,A
leaf_1659,160.946945237411,B
leaf_1660,160.902184846839,C
leaf_1661,160.870111757498,B
leaf_1662,160.740619229834,B
leaf_1663,160.714183409508,B
leaf_1664,160.67820148389,C
leaf_1665,160.629015726788,C
leaf_1666,160.625288628476,A
leaf_1667,160.58074570675,B
leaf_1668,160.540496100438,A
leaf_1669,160.517450458568,A
leaf_1670,160.464919398479,B
leaf_1671,160.427173687462,C
leaf_1672,160.300569093981,C
leaf_1673,160.246271816507,A
leaf_1674,160.245251951497,B
leaf_1675,160.190496405674,B
leaf_1676,160.187182359721,C
leaf_1677,160.163446175989,C
leaf_1678,160.121405555561,C
leaf_1679,160.088235784672,C
leaf_1680,160.085311101725,B
leaf_1681,160.060251764976,B
leaf_1682,160.035022660901,B
leaf_1683,159.992576876806,A
leaf_1684,159.971028474696,B
leaf_1685,159.967514682516,C
leaf_1686,159.924868566905,A
leaf_1687,159.915410094527,B
leaf_1688,159.861607801809,A
leaf_1689,159.847963655648,C
leaf_1690,159.776306371202,A
leaf_1691,159.756381695831,C
leaf_1692,159.744828229531,A
leaf_1693,159.719644753119,C
leaf_1694,159.705648443321,B
leaf_1695,159.684424912216,A
leaf_1696,159.635358761577,C
leaf_1697,159.565486787023,A
leaf_1698,159.552205309321,C
leaf_1699,159.50163650542,C
leaf_1700,159.467626698042,A
leaf_1701,159.456649654918,A
leaf_1702,159.420542230699,C
leaf_1703,159.395349329142,C
leaf_1704,159.369419664031,A
leaf_1705,159.360707124083,B
leaf_1706,159.357746126213,C
leaf_1707,159.330144654167,C
leaf_1708,159.282525573558,B
leaf_1709,159.209828052991,B
leaf_1710,159.198019970269,A
leaf_1711,159.183397382062,A
leaf_1712,159.1726140078,C
leaf_1713,159.123038798274,C
leaf_1714,159.11718413313,C
leaf_1715,159.066127694312,B
leaf_1716,158.988445977463,A
leaf_1717,158.968238652837,B
leaf_1718,158.957849388584,C
leaf_1719,158.925625145489,C
leaf_1720,158.925263101474,B
leaf_1721,158.86095296709,B
leaf_1722,158.849558138987,C
leaf_1723,158.785571336799,B
leaf_1724,158.763397973898,C
leaf_1725,158.746476441777,A
leaf_1726,158.644208908208,B
leaf_1727,158.603423114659,C
leaf_1728,158.586886446313,A
leaf_1729,158.576944945748,A
leaf_1730,158.55508407551,A
leaf_1731,158.527567573173,B
leaf_1732,158.479948498007,A
leaf_1733,158.452126562897,A
leaf_1734,158.439807757283,A
leaf_1735,158.419686975459,B
leaf_1736,158.339190386088,B
leaf_1737,158.253419342625,B
leaf_1738,158.173589577718,C
leaf_1739,158.143517558914,A
leaf_1740,158.092632818074,B
leaf_1741,158.042478969539,A
leaf_1742,158.040445299372,C
leaf_1743,157.946907294034,A
leaf_1744,157.921639906329,A
leaf_1745,157.883772632853,B
leaf_1746,157.854007806652,A
leaf_1747,157.76888436175,C
leaf_1748,157.645494947681,C
leaf_1749,157.644348703434,B
leaf_1750,157.587187679937,B
leaf_1751,157.552893624471,A
leaf_1752,157.544037759978,B
leaf_1753,157.525088850955,C
leaf_1754,157.518639076987,A
leaf_1755,157.518261670757,A
leaf_1756,157.486002111146,A
leaf_1757,157.482824302417,B
leaf_1758,157.323740028104,A
leaf_1759,157.319261574664,C
leaf_1760,157.28083158409,C
leaf_1761,157.257100390279,B
leaf_1762,157.244201800526,C
leaf_1763,157.214946964627,C
leaf_1764,157.202308827842,A
leaf_1765,157.090630785825,B
leaf_1766,157.064048419548,C
leaf_1767,157.037386916187,C
leaf_1768,157.032403209589,A
leaf_1769,157.027314644454,C
leaf_1770,157.012701690294,A
leaf_1771,157.004392464638,B
leaf_1772,156.99327144293,B
leaf_1773,156.992592838778,B
leaf_1774,156.923099001303,C
leaf_1775,156.908704324401,B
leaf_1776,156.8728426334,C
leaf_1777,156.858062729009,A
leaf_1778,156.819880389752,B
leaf_1779,156.782659001828,A
leaf_1780,156.597654191827,A
leaf_1781,156.502627540342,B
leaf_1782,156.389598665712,A
leaf_1783,156.375682730213,C
leaf_1784,156.34804358224,C
leaf_1785,156.345304008287,C
leaf_1786,156.307027285189,A
leaf_1787,156.263592908918,A
leaf_1788,156.237931044108,C
leaf_1789,156.175049115969,C
leaf_1790,156.127700594271,A
leaf_1791,155.995229161398,A
leaf_1792,155.981714424487,B
leaf_1793,155.978615869172,A
leaf_1794,155.922391709344,A
leaf_1795,155.787953934741,A
leaf_1796,155.771913444451,C
leaf_1797,155.704820917079,C
leaf_1798,155.702138592181,C
leaf_1799,155.685686843177,A
leaf_1800,155.663441028526,C
leaf_1801,155.653029494997,B
leaf_1802,155.579564250623,A
leaf_1803,155.54515104134,B
leaf_1804,155.528722175489,C
leaf_1805,155.522450778402,C
leaf_1806,155.515543219633,C
leaf_1807,155.483882300919,B
leaf_1808,155.468040176987,B
leaf_1809,155.443358018875,B
leaf_1810,155.39974138983,A
leaf_1811,155.374230743306,A
leaf_1812,155.335217788861,B
leaf_1813,155.311790032796,A
leaf_1814,155.188338443143,C
leaf_1815,155.161763807548,B
leaf_1816,155.042070811811,B
leaf_1817,154.995002679152,A
leaf_1818,154.989105633007,A
leaf_1819,154.92227586683,B
leaf_1820,154.920233196115,A
leaf_1821,154.886840425399,A
leaf_1822,154.849325367886,B
leaf_1823,154.816334119732,A
leaf_1824,154.80286342415,A
leaf_1825,154.785759397915,B
leaf_1826,154.679997727639,A
leaf_1827,154.620151375282,C
leaf_1828,154.448239983631,A
leaf_1829,154.426314382152,B
leaf_1830,154.423283841204,B
leaf_1831,154.418620367128,A
leaf_1832,154.412534105161,A
leaf_1833,154.409665453058,A
leaf_1834,154.408963279816,A
leaf_1835,154.407126871576,B
leaf_1836,154.389456102633,A
leaf_1837,154.388562659287,C
leaf_1838,154.278959111333,A
leaf_1839,154.275194760716,C
leaf_1840,154.233387361351,C
leaf_1841,154.227001810855,A
leaf_1842,154.20870358538,C
leaf_1843,154.187007602409,A
leaf_1844,154.16496394561,A
leaf_1845,154.161433776554,B
leaf_1846,154.151251864981,A
leaf_1847,154.134159501776,A
leaf_1848,154.014922754546,A
leaf_1849,153.994473315495,C
leaf_1850,153.924603741086,C
leaf_1851,153.898013505828,C
leaf_1852,153.825352943736,B
leaf_1853,153.763279488254,C
leaf_1854,153.75398906933,A
leaf_1855,153.751559179091,B
leaf_1856,153.710522864121,A
leaf_1857,153.646957706908,B
leaf_1858,153.634695467098,A
leaf_1859,153.606710299686,C
leaf_1860,153.580428452533,B
leaf_1861,153.555536936526,A
leaf_1862,153.527635981921,B
leaf_1863,153.526860300741,A
leaf_1864,153.488292007918,A
leaf_1865,153.434378291446,A
leaf_1866,153.397672053602,B
leaf_1867,153.379200675708,C
leaf_1868,153.339236799677,A
leaf_1869,153.302835822893,C
leaf_1870,153.297623598389,C
leaf_1871,153.294587007986,A
leaf_1872,153.194810186569,B
leaf_1873,153.17262772736,C
leaf_1874,153.150770722238,B
leaf_1875,153.056127771517,A
leaf_1876,153.055996006707,C
leaf_1877,152.978941048081,C
leaf_1878,152.972055665572,C
leaf_1879,152.920882457359,C
leaf_1880,152.884108384791,A
leaf_1881,152.735345718799,A
leaf_1882,152.61006420112,A
leaf_1883,152.51127665455,A
leaf_1884,152.497875252695,B
leaf_1885,152.479933506278,C
leaf_1886,152.462479774408,A
leaf_1887,152.35701281392,C
leaf_1888,152.332671682576,A
leaf_1889,152.24877047416,C
leaf_1890,152.210604822526,B
leaf_1891,152.186174347816,A
leaf_1892,152.176832595717,A
leaf_1893,152.146970134363,B
leaf_1894,152.093753881224,C
leaf_1895,152.021805183485,C
leaf_1896,152.018672519451,A
leaf_1897,152.01080604917,A
leaf_1898,151.926033121552,B
leaf_1899,151.922843964967,C
leaf_1900,151.876528428287,B
leaf_1901,151.838532421286,C
leaf_1902,151.787855354223,A
leaf_1903,151.713786056258,B
leaf_1904,151.645089045191,C
leaf_1905,151.565403909853,B
leaf_1906,151.53906709715,C
leaf_1907,151.48271617927,A
leaf_1908,151.468356077454,B
leaf_1909,151.446650478145,A
leaf_1910,151.387002136487,C
leaf_1911,151.37803274006,C
leaf_1912,151.1496999517,C
leaf_1913,151.118017516529,A
leaf_1914,151.022253444914,B
leaf_1915,150.983735928935,A
leaf_1916,150.955676699759,A
leaf_1917,150.804012653037,A
leaf_1918,150.77719098662,C
leaf_1919,150.751679380346,A
leaf_1920,150.747945003899,C
leaf_1921,150.66771483181,A
leaf_1922,150.60061517979,A
leaf_1923,150.568533342726,A
leaf_1924,150.469585318412,A
leaf_1925,150.4192214747,C
leaf_1926,150.415316004897,A
leaf_1927,150.298012921449,C
leaf_1928,150.263767697289,C
leaf_1929,150.257841049215,B
leaf_1930,150.247454363837,C
leaf_1931,150.239733636778,C
leaf_1932,150.192470790003,C
leaf_1933,150.150703691057,C
leaf_1934,150.08329547052,A
leaf_1935,149.91961949524,C
leaf_1936,149.905804979519,C
leaf_1937,149.862692090901,C
leaf_1938,149.859196688066,C
leaf_1939,149.784784271197,A
leaf_1940,149.756356276213,A
leaf_1941,149.726008232447,B
leaf_1942,149.712718867498,B
leaf_1943,149.679539344319,B
leaf_1944,149.674576176391,B
leaf_1945,149.662328873686,A
leaf_1946,149.608835087038,C
leaf_1947,149.588721061115,A
leaf_1948,149.583859043688,C
leaf_1949,149.575201519854,A
leaf_1950,149.569022324596,C
leaf_1951,149.515378128446,A
leaf_1952,149.487891627116,B
leaf_1953,149.463040766298,A
leaf_1954,149.448540099068,C
leaf_1955,149.40965944888,C
leaf_1956,149.364205669893,C
leaf_1957,149.359503183677,C
leaf_1958,149.286082465162,A
leaf_1959,149.269592665145,C
leaf_1960,149.239865835995,A
leaf_1961,149.150514758637,B
leaf_1962,149.102791551517,A
leaf_1963,149.028914994899,A
leaf_1964,148.903646809921,B
leaf_1965,148.879376089726,B
leaf_1966,148.845699199677,A
leaf_1967,148.762279403857,A
leaf_1968,148.692215355952,B
leaf_1969,148.492365380965,C
leaf_1970,148.403191709388,A
leaf_1971,148.36830094387,C
leaf_1972,148.339651316775,A
leaf_1973,148.18180379101,A
leaf_1974,148.136462568712,B
leaf_1975,148.088602839413,C
leaf_1976,148.054511779101,A
leaf_1977,148.025758774032,C
leaf_1978,148.020975697212,B
leaf_1979,147.998639950624,A
leaf_1980,147.984747980899,C
leaf_1981,147.979296269998,C
leaf_1982,147.959192213457,A
leaf_1983,147.932082315884,A
leaf_1984,147.929865442269,B
leaf_1985,147.921419119898,C
leaf_1986,147.854939444392,A
leaf_1987,147.846227790844,C
leaf_1988,147.712483689415,A
leaf_1989,147.665879611916,B
leaf_1990,147.636961838502,A
leaf_1991,147.615157305293,C
leaf_1992,147.59903619906,A
leaf_1993,147.563531697984,A
leaf_1994,147.561792655771,C
leaf_1995,147.547736947948,B
leaf_1996,147.480392325505,B
leaf_1997,147.464205935249,A
leaf_1998,147.462246744883,A
leaf_1999,147.419302795703,C
leaf_2000,147.397027470591,C
leaf_2001,147.387248134804,A
leaf_2002,147.343954564855,A
leaf_2003,147.342350656607,C
leaf_2004,147.331722519341,A
leaf_2005,147.181764428168,A
leaf_2006,147.163348440685,C
leaf_2007,147.111549237248,C
leaf_2008,147.010353349044,C
leaf_2009,146.880864478786,A
leaf_2010,146.779267480808,C
leaf_2011,146.768619810941,A
leaf_2012,146.754738469971,C
leaf_2013,146.646817678985,A
leaf_2014,146.640077220922,C
leaf_2015,146.605882088806,A
leaf_2016,146.544211015176,C
leaf_2017,146.457849791869,A
leaf_2018,146.285797041924,A
leaf_2019,146.210571677233,A
leaf_2020,146.210239308088,A
leaf_2021,146.060121174554,C
leaf_2022,145.873222333555,A
leaf_2023,145.866491985825,C
leaf_2024,145.814940587756,A
leaf_2025,145.802469028046,A
leaf_2026,145.74913588927,C
leaf_2027,145.746641543872,A
leaf_2028,145.706313077087,A
leaf_2029,145.598721221409,A
leaf_2030,145.545111706343,B
leaf_2031,145.543805517954,A
leaf_2032,145.533771416778,C
leaf_2033,145.517031693004,A
leaf_2034,145.483073591234,C
leaf_2035,145.481836065286,B
leaf_2036,145.472862299189,B
leaf_2037,145.421174842822,B
leaf_2038,145.409822802764,B
leaf_2039,145.360716371236,C
leaf_2040,145.242630072132,A
leaf_2041,145.239027966309,C
leaf_2042,145.211296532169,C
leaf_2043,145.203853804061,C
leaf_2044,145.200103391423,C
leaf_2045,145.184451311218,B
leaf_2046,145.176949279773,C
leaf_2047,145.143516635727,C
leaf_2048,145.078023681793,A
leaf_2049,145.025263966459,A
leaf_2050,145.02000911827,C
leaf_2051,144.942123879895,C
leaf_2052,144.902172458465,B
leaf_2053,144.860382643066,A
leaf_2054,144.835236273942,A
leaf_2055,144.778712371671,C
leaf_2056,144.757703211814,C
leaf_2057,144.753697155857,B
leaf_2058,144.743862179623,B
leaf_2059,144.685152805255,A
leaf_2060,144.665460359067,C
leaf_2061,144.643544304686,B
leaf_2062,144.489632343533,C
leaf_2063,144.432864254609,C
leaf_2064,144.393688154395,C
leaf_2065,144.385406618148,C
leaf_2066,144.384204613533,A
leaf_2067,144.365297430102,A
leaf_2068,144.362019951748,B
leaf_2069,144.356507421548,C
leaf_2070,144.271974544148,A
leaf_2071,144.20352820428,B
leaf_2072,144.086360310118,C
leaf_2073,143.999015838386,A
leaf_2074,143.992021071154,A
leaf_2075,143.965824927193,A
leaf_2076,143.961306510719,A
leaf_2077,143.940773495437,A
leaf_2078,143.929073721755,A
leaf_2079,143.855886009062,C
leaf_2080,143.805024847792,C
leaf_2081,143.721003798641,B
leaf_2082,143.713434201975,A
leaf_2083,143.615623551237,A
leaf_2084,143.536386375788,C
leaf_2085,143.52441405416,A
leaf_2086,143.495397684539,C
leaf_2087,143.43845407761,A
leaf_2088,143.42028881972,B
leaf_2089,143.419403923803,B
leaf_2090,143.249187808235,B
leaf_2091,143.172915738782,A
leaf_2092,143.166966192658,C
leaf_2093,143.02670840401,A
leaf_2094,142.890132481552,A
leaf_2095,142.820958196327,C
leaf_2096,142.804822614026,B
leaf_2097,142.699855684046,C
leaf_2098,142.670109024627,C
leaf_2099,142.657059696104,B
leaf_2100,142.631224608411,A
leaf_2101,142.625083906391,B
leaf_2102,142.570347167562,B
leaf_2103,142.559681130705,A
leaf_2104,142.531102176377,C
leaf_2105,142.491407392073,B
leaf_2106,142.486422039293,B
leaf_2107,142.447413396132,A
leaf_2108,142.434948887801,A
leaf_2109,142.389664801387,C
leaf_2110,142.340269385198,A
leaf_2111,142.319269864715,C
leaf_2112,142.301729547246,A
leaf_2113,142.256080539867,B
leaf_2114,142.13924252275,C
leaf_2115,142.105553999322,C
leaf_2116,141.882970807006,C
leaf_2117,141.867556484458,C
leaf_2118,141.855854588963,C
leaf_2119,141.561779880791,A
leaf_2120,141.538835115249,C
leaf_2121,141.406016782607,B
leaf_2122,141.281726630568,B
leaf_2123,141.278967343595,A
leaf_2124,141.193358876411,C
leaf_2125,141.109926635034,C
leaf_2126,141.108459575643,B
leaf_2127,141.05169500647,C
leaf_2128,141.016701672925,C
leaf_2129,140.875341128291,B
leaf_2130,140.816133687524,A
leaf_2131,140.774076001744,C
leaf_2132,140.717301866543,C
leaf_2133,140.690611015397,C
leaf_2134,140.657847068748,A
leaf_2135,140.641952774949,C
leaf_2136,140.577404581827,C
leaf_2137,140.465464262583,B
leaf_2138,140.328098979697,C
leaf_2139,140.228721963504,A
leaf_2140,140.173718229639,A
leaf_2141,140.147752191713,C
leaf_2142,140.131046144527,C
leaf_2143,140.001168364577,C
leaf_2144,139.96890427979,C
leaf_2145,139.952246057071,B
leaf_2146,139.936114210399,B
leaf_2147,139.841476464061,A
leaf_2148,139.789897975135,C
leaf_2149,139.759839077867,C
leaf_2150,139.672412405322,C
leaf_2151,139.666877191217,C
leaf_2152,139.625249985445,C
leaf_2153,139.521690587942,A
leaf_2154,139.475645225243,A
leaf_2155,139.449425639091,C
leaf_2156,139.427350618893,C
leaf_2157,139.36881767889,A
leaf_2158,139.356178410108,C
leaf_2159,139.352167128885,C
leaf_2160,139.344234248145,B
leaf_2161,139.303233745113,B
leaf_2162,139.253791111036,B
leaf_2163,139.156829163495,A
leaf_2164,139.139636838744,B
leaf_2165,139.126375596102,C
leaf_2166,138.960555517062,C
leaf_2167,138.913799931222,A
leaf_2168,138.78602982054,A
leaf_2169,138.751386243861,A
leaf_2170,138.575482067382,C
leaf_2171,138.539678539715,A
leaf_2172,138.344485903436,C
leaf_2173,138.343472672518,C
leaf_2174,138.301317130041,B
leaf_2175,138.275677517143,B
leaf_2176,138.275309782697,A
leaf_2177,138.236755867432,C
leaf_2178,138.211950719364,A
leaf_2179,138.066147879865,C
leaf_2180,138.055880394685,A
leaf_2181,137.933017929574,C
leaf_2182,137.924900031261,C
leaf_2183,137.855261007636,C
leaf_2184,137.78560587099,C
leaf_2185,137.682721514948,A
leaf_2186,137.66868833599,A
leaf_2187,137.645870073971,A
leaf_2188,137.538008087815,A
leaf_2189,137.49338892126,A
leaf_2190,137.270305197399,C
leaf_2191,137.254683504706,A
leaf_2192,137.198080830591,C
leaf_2193,137.161254137581,A
leaf_2194,137.131469998741,A
leaf_2195,136.921998723082,A
leaf_2196,136.772335925295,A
leaf_2197,136.70991818876,C
leaf_2198,136.704364851888,C
leaf_2199,136.65746572229,C
leaf_2200,136.609841967326,C
leaf_2201,136.563808811264,A
leaf_2202,136.293374944597,C
leaf_2203,136.202674558615,B
leaf_2204,136.143958852613,A
leaf_2205,135.95280064331,A
leaf_2206,135.906611399599,A
leaf_2207,135.890855044981,C
leaf_2208,135.861885919522,C
leaf_2209,135.740797064153,C
leaf_2210,135.725168908632,A
leaf_2211,135.576774649445,C
leaf_2212,135.555237029149,A
leaf_2213,135.479581251421,A
leaf_2214,135.467679509365,C
leaf_2215,135.31094674687,C
leaf_2216,135.28727774619,C
leaf_2217,135.075058604374,A
leaf_2218,135.005690949324,C
leaf_2219,134.977985948396,A
leaf_2220,134.915032447103,C
leaf_2221,134.910741941566,C
leaf_2222,134.83787111783,C
leaf_2223,134.709175042632,A
leaf_2224,134.592338998014,A
leaf_2225,134.51602636013,A
leaf_2226,134.425420835908,A
leaf_2227,134.412064597283,C
leaf_2228,134.221518341345,C
leaf_2229,134.193884304435,A
leaf_2230,133.995348200307,C
leaf_2231,133.947070205762,B
leaf_2232,133.936749143257,B
leaf_2233,133.923689691653,A
leaf_2234,133.829247632501,A
leaf_2235,133.712070159563,A
leaf_2236,133.687920199555,B
leaf_2237,133.59126274976,C
leaf_2238,133.516910141406,A
leaf_2239,133.270415030246,A
leaf_2240,133.267171142721,C
leaf_2241,133.241028873496,A
leaf_2242,133.208508398396,B
leaf_2243,132.993583466088,A
leaf_2244,132.934189069495,A
leaf_2245,132.837049034099,B
leaf_2246,132.833985157555,B
leaf_2247,132.759459414823,A
leaf_2248,132.673822153231,A
leaf_2249,132.671829425137,C
leaf_2250,132.669437804795,A
leaf_2251,132.646434858021,B
leaf_2252,132.611320313212,C
leaf_2253,132.520910256734,B
leaf_2254,132.47351083602,A
leaf_2255,132.430187759023,B
leaf_2256,132.409538147062,C
leaf_2257,132.360813054341,C
leaf_2258,132.346982527626,A
leaf_2259,132.346384698134,C
leaf_2260,132.221833050296,C
leaf_2261,132.03758848007,A
leaf_2262,132.034902015475,A
leaf_2263,131.831082022064,C
leaf_2264,131.808989980568,C
leaf_2265,131.462683045761,C
leaf_2266,131.404604914612,A
leaf_2267,131.367478075828,B
leaf_2268,131.060860596621,C
leaf_2269,130.955430303058,C
leaf_2270,130.94929278769,A
leaf_2271,130.59777046554,C
leaf_2272,130.596491453529,A
leaf_2273,130.48061887273,A
leaf_2274,130.479452938489,A
leaf_2275,130.413029711699,A
leaf_2276,130.369470887653,C
leaf_2277,130.359889374031,B
leaf_2278,130.355200462115,A
leaf_2279,130.354521589455,A
leaf_2280,130.348705282712,C
leaf_2281,130.206752050515,C
leaf_2282,130.180255480614,B
leaf_2283,130.136806445215,C
leaf_2284,129.990830045475,C
leaf_2285,129.896845373663,B
leaf_2286,129.748921079468,C
leaf_2287,129.430034942568,C
leaf_2288,129.324106711877,C
leaf_2289,129.252602611529,B
leaf_2290,129.246497795479,C
leaf_2291,129.119525682604,B
leaf_2292,129.038073234809,A
leaf_2293,128.983105564965,C
leaf_2294,128.82611379685,A
leaf_2295,128.77346494969,A
leaf_2296,128.742908701977,A
leaf_2297,128.598965871368,B
leaf_2298,128.581457121178,C
leaf_2299,128.527196569392,C
leaf_2300,128.442296846088,C
leaf_2301,128.350680280102,A
leaf_2302,128.10415659883,A
leaf_2303,127.840014009402,A
leaf_2304,127.542670993321,A
leaf_2305,127.237025712684,C
leaf_2306,127.018544894204,A
leaf_2307,126.812576423684,A
leaf_2308,126.677718326732,A
leaf_2309,126.642599307762,A
leaf_2310,126.346246169395,C
leaf_2311,125.990404300623,C
leaf_2312,125.972155772893,B
leaf_2313,125.756835093823,A
leaf_2314,125.617250712147,B
leaf_2315,125.6038657376,A
leaf_2316,125.455410656305,A
leaf_2317,125.203822250597,C
leaf_2318,125.116740725606,A
leaf_2319,125.095527290284,A
leaf_2320,125.057844666957,C
leaf_2321,125.04714373782,C
leaf_2322,124.917443823713,A
leaf_2323,124.493915277724,C
leaf_2324,124.493690014747,C
leaf_2325,124.480068420334,A
leaf_2326,124.435525319123,C
leaf_2327,124.23564272743,C
leaf_2328,124.109686547262,C
leaf_2329,124.030508873806,C
leaf_2330,123.602842160214,A
leaf_2331,123.586890501585,A
leaf_2332,123.118332153202,A
leaf_2333,122.924311533905,A
leaf_2334,122.691584413797,A
leaf_2335,122.667805175269,A
leaf_2336,122.105865615936,C
leaf_2337,121.87800866692,A
leaf_2338,121.633782847371,C
leaf_2339,121.324793814142,C
leaf_2340,121.24884940619,C
leaf_2341,121.14521605782,A
leaf_2342,121.016218420199,C
leaf_2343,120.871685447977,B
leaf_2344,120.782523377118,A
leaf_2345,120.296246515937,A
leaf_2346,120.141679250897,C
leaf_2347,120.127778022627,C
leaf_2348,120.056252156458,A
leaf_2349,119.9442547863,C
leaf_2350,119.768484527595,B
leaf_2351,119.752410620342,C
leaf_2352,119.564374893229,A
leaf_2353,119.370890616691,B
leaf_2354,119.291966396242,B
leaf_2355,118.898004559609,C
leaf_2356,118.709939410635,C
leaf_2357,118.315146232339,C
leaf_2358,118.112589325323,C
leaf_2359,118.024161588848,A
leaf_2360,117.886549320338,C
leaf_2361,117.611468958481,C
leaf_2362,117.553531397504,B
leaf_2363,116.851928306575,C
leaf_2364,116.812679287685,C
leaf_2365,116.733763792188,A
leaf_2366,116.508551508161,A
leaf_2367,116.468502566864,A
leaf_2368,116.257564280014,C
leaf_2369,116.23911502328,C
leaf_2370,116.048828701454,C
leaf_2371,115.809120597567,C
leaf_2372,115.48802569556,A
leaf_2373,115.344914481715,A
leaf_2374,115.002750712588,A
leaf_2375,114.745899645903,B
leaf_2376,113.701745963929,C
leaf_2377,112.303691323315,C
leaf_2378,111.729487473893,B
leaf_2379,111.274405532592,C
leaf_2380,110.400625066715,A
leaf_2381,109.066518729399,A
leaf_2382,108.926484825494,C
leaf_2383,108.84756151809,C
leaf_2384,108.477407234047,A
leaf_2385,108.046100543416,C
leaf_2386,107.9513433328,B
leaf_2387,104.432620229969,C
leaf_2388,104.367326796487,A
leaf_2389,104.016611493524,C
leaf_2390,103.408795571872,C
leaf_2391,103.374434432832,B
leaf_2392,103.035739263296,C
leaf_2393,102.27200699367,A
leaf_2394,101.99946953095,A
leaf_2395,101.988639165056,A
leaf_2396,101.942035339322,C
leaf_2397,101.92039675014,C
leaf_2398,101.899982523985,C
leaf_2399,100.275517911805,A
leaf_2400,98.24848558446,A
leaf_2401,98.1771470062765,C
leaf_2402,98.0454020927591,C
leaf_2403,97.9433102986307,A
leaf_2404,97.1727486095544,A
leaf_2405,94.5421868502865,C
leaf_2406,92.5880365706636,A
leaf_2407,91.7362613473151,A
leaf_2408,91.6400392995609,B
leaf_2409,90.9586702207459,A
leaf_2410,90.4570920264152,B
leaf_2411,90.0817462239056,A
leaf_2412,89.4211626276647,C
leaf_2413,88.9551678190154,C
leaf_2414,84.8250213580146,C
leaf_2415,84.3723545207075,B
leaf_2416,82.3515891587189,A
leaf_2417,81.8292182814827,C
leaf_2418,79.5554847865851,C
leaf_2419,77.6258618280864,C
leaf_2420,76.4403714226366,C
leaf_2421,76.3326643286325,C
leaf_2422,74.7897049067482,A
leaf_2423,74.2745979669547,B
leaf_2424,73.015320552676,C
leaf_2425,68.3556511970855,A
leaf_2426,64.0811073657455,C
leaf_2427,63.336105613947,C
leaf_2428,49.6006742139662,C
leaf_2429,46.11221196077,C
leaf_2430,41.2192415452777,C
leaf_2431,37.2694218437592,C
leaf_2432,34.8338900750592,C
leaf_2433,34.2352383031911,C
