,actual_label,predicted_label,prob_class_A,prob_class_B,prob_class_C
0,C,C,0.000458802,0.0021386503,0.9974025
1,C,C,0.006776138,0.0007105322,0.99251336
2,B,B,0.00018012214,0.99928916,0.00053064123
3,B,B,5.9546248e-05,0.9999243,1.6143329e-05
4,C,C,3.3873388e-05,3.4613764e-05,0.99993145
5,A,C,0.2679301,0.0005599038,0.73151004
6,A,A,0.9992317,0.0001294254,0.00063885626
7,A,A,0.99984324,8.688395e-05,6.980875e-05
8,C,C,0.00019266234,0.00011944517,0.9996879
9,A,A,0.906376,0.0006997044,0.09292429
10,C,C,2.1510763e-05,1.6084412e-05,0.99996245
11,B,B,7.31863e-05,0.9998919,3.4953628e-05
12,B,B,3.838613e-06,0.9999927,3.5159815e-06
13,A,A,0.9990619,4.446834e-05,0.00089370564
14,B,B,2.846332e-05,0.9999589,1.26255245e-05
15,B,B,4.9168713e-05,0.9998863,6.446804e-05
16,A,C,0.19514073,0.00041433744,0.80444497
17,B,B,1.2342068e-06,0.9999976,1.1354399e-06
18,B,B,1.2459178e-05,0.9999844,3.0545605e-06
19,C,C,0.00019811477,0.00015212716,0.99964976
20,C,C,0.000529021,0.00015178186,0.9993192
21,B,B,2.7446931e-05,0.99996626,6.3138777e-06
22,C,C,3.3686274e-06,1.1481039e-05,0.9999851
23,A,A,0.9997658,0.000109309214,0.00012486124
24,C,C,0.0012397466,0.0008186542,0.99794155
25,C,C,0.0005909143,0.00019822994,0.99921083
26,B,B,2.4279402e-06,0.99999666,9.540449e-07
27,B,B,0.00019418204,0.9997819,2.3922994e-05
28,C,C,0.00043349204,0.00020238828,0.9993641
29,A,A,0.99988043,6.218887e-05,5.728424e-05
30,C,C,8.059251e-06,1.5620939e-05,0.9999763
31,A,A,0.99919194,0.00027624113,0.0005318587
32,B,B,0.00018018813,0.99936265,0.00045719757
33,C,C,0.0001418853,0.00035074746,0.9995073
34,C,C,2.8439466e-05,2.6121277e-05,0.9999454
35,B,B,2.4186508e-07,0.9999994,3.021783e-07
36,C,C,0.00015938336,5.0727896e-05,0.9997899
37,A,A,0.99685526,0.00015037671,0.0029944067
38,B,B,2.1974959e-06,0.9999975,3.685003e-07
39,A,A,0.9994143,0.00022824822,0.00035739818
40,A,A,0.99960905,5.7179814e-06,0.0003852142
41,C,C,0.00014923036,3.1942476e-05,0.99981886
42,C,C,8.545512e-05,0.00015276576,0.99976176
43,A,A,0.99969804,0.00020010392,0.00010194298
44,A,A,0.9917795,0.0015640781,0.0066563776
45,A,A,0.99879044,0.00022636494,0.0009832507
46,B,B,0.00028417434,0.9987538,0.00096205785
47,C,C,2.4295035e-05,3.1094278e-05,0.99994457
48,B,B,2.6880255e-06,0.999987,1.0290173e-05
49,B,B,6.2622603e-06,0.9999906,3.0648273e-06
50,C,C,2.9425244e-06,6.0797315e-06,0.99999094
51,B,B,4.649692e-05,0.99973613,0.00021742773
52,B,B,0.00014212454,0.9988207,0.0010370715
53,B,B,1.1127259e-05,0.9999857,3.2349822e-06
54,C,C,3.7191254e-05,4.0733987e-05,0.99992204
55,C,C,8.830504e-05,0.00010859571,0.9998031
56,A,A,0.96215487,0.000131926,0.03771317
57,B,B,3.600403e-05,0.9999585,5.490249e-06
58,A,A,0.99809736,0.0007133766,0.001189218
59,B,B,3.6179623e-05,0.9999515,1.2282258e-05
60,A,A,0.9698608,0.028425952,0.0017133105
61,B,B,0.00020106549,0.997612,0.0021868527
62,B,B,1.14747845e-05,0.99995995,2.8664688e-05
63,B,B,5.2835594e-06,0.9999931,1.6315868e-06
64,A,A,0.99966156,4.007023e-05,0.00029838402
65,B,B,2.580827e-05,0.9999608,1.3321878e-05
66,A,A,0.9945438,0.0019333377,0.0035228007
67,B,B,1.587713e-05,0.9999769,7.3054475e-06
68,C,C,0.00017694038,0.0001345895,0.9996885
69,C,C,3.541692e-05,6.79206e-05,0.99989665
70,A,A,0.9745266,0.024088293,0.00138516
71,B,B,4.5509038e-05,0.99989986,5.460288e-05
72,C,C,5.989847e-06,9.894897e-06,0.99998415
73,C,C,1.7678456e-05,3.0781506e-05,0.9999515
74,A,A,0.9817997,0.017594215,0.00060606934
75,A,A,0.99987435,2.4330193e-05,0.000101326325
76,C,C,2.3324867e-05,8.503175e-05,0.99989164
77,C,C,1.4088498e-05,1.555542e-05,0.9999703
78,B,B,3.3643766e-05,0.99995875,7.63637e-06
79,C,C,0.00017919102,6.883255e-05,0.999752
80,A,A,0.9977881,0.001498668,0.00071314914
81,A,A,0.9994947,5.876689e-05,0.00044657104
82,A,A,0.99996877,1.1773148e-05,1.9423878e-05
83,B,B,5.650136e-07,0.9999994,5.187336e-08
84,B,B,7.0531905e-07,0.99999905,1.8021734e-07
85,B,B,8.063765e-07,0.9999989,2.6333734e-07
86,A,A,0.9999287,3.0613122e-05,4.0670286e-05
87,C,C,0.0053506433,0.00014235303,0.994507
88,B,B,3.2756383e-05,0.998351,0.0016162538
89,B,B,7.0267615e-06,0.99999046,2.463689e-06
90,B,B,2.0186052e-07,0.99999964,6.245843e-08
91,B,B,5.34158e-06,0.99999225,2.4061217e-06
92,C,C,0.005526339,0.00019265873,0.99428105
93,B,B,4.591739e-07,0.9999989,6.314273e-07
94,C,C,7.846017e-05,1.826131e-05,0.9999033
95,A,A,0.9999442,1.8786548e-05,3.6995534e-05
96,B,B,6.8725844e-06,0.99995387,3.927443e-05
97,B,B,6.555859e-05,0.99986184,7.255394e-05
98,C,C,0.011392322,0.00017051546,0.9884371
99,C,C,0.00021353674,0.00027801827,0.9995085
100,A,A,0.99997807,1.7010076e-05,4.869877e-06
101,B,B,3.252396e-05,0.99993587,3.1566382e-05
102,B,B,2.9488847e-05,0.9999591,1.1463782e-05
103,C,C,4.7566606e-05,2.3040302e-05,0.9999294
104,A,A,0.9987445,0.0002068742,0.0010485769
105,C,C,5.2523577e-05,5.468019e-05,0.99989283
106,C,C,7.3476986e-05,7.599681e-05,0.9998505
107,B,B,2.5531843e-05,0.9999001,7.442129e-05
108,B,B,3.295583e-05,0.9999101,5.6936762e-05
109,C,C,4.9184787e-06,7.5139524e-06,0.9999876
110,B,B,2.4698622e-05,0.9999596,1.569859e-05
111,C,C,4.483656e-05,4.3132346e-05,0.999912
112,C,C,0.00033912653,0.00040686567,0.9992539
113,C,C,1.7241391e-05,4.2626893e-05,0.99994016
114,B,B,6.375273e-06,0.9999863,7.358413e-06
115,C,C,3.9420956e-05,6.779931e-05,0.9998927
116,A,A,0.99984574,7.073785e-05,8.359776e-05
117,C,C,5.318841e-05,4.1222036e-05,0.9999056
118,B,B,2.9789013e-07,0.99999964,1.1534322e-07
119,A,A,0.9993742,1.7895522e-05,0.00060790975
120,B,B,1.389377e-05,0.9999739,1.2140434e-05
121,A,A,0.99943346,6.095702e-05,0.0005054881
122,A,A,0.999374,7.9570564e-05,0.0005465278
123,C,C,4.16046e-05,6.951603e-05,0.9998889
124,B,B,3.4208565e-06,0.99999464,1.8754135e-06
125,A,A,0.9975393,0.0020500184,0.0004107694
126,C,C,7.5249886e-06,0.000116431605,0.999876
127,C,C,3.8865033e-05,4.979934e-05,0.9999113
128,C,C,7.408516e-06,8.666358e-06,0.9999839
129,A,A,0.9998623,5.0200815e-05,8.7518805e-05
130,C,C,1.0808563e-05,1.2753418e-05,0.9999764
131,C,C,0.00035491463,0.0002649838,0.9993801
132,C,C,0.00031652235,0.000115166724,0.9995683
133,B,B,5.7666468e-05,0.99992466,1.7620134e-05
134,A,A,0.96838367,0.0007572185,0.030859105
135,A,A,0.99853814,0.000678443,0.00078341435
136,B,B,1.0259134e-05,0.99998164,8.082831e-06
137,A,A,0.99631643,0.0033115996,0.00037193033
138,A,A,0.9993789,0.00013570607,0.0004854087
139,B,B,0.00024755488,0.99908924,0.0006631527
140,A,A,0.73746437,0.00095961476,0.26157594
141,C,C,2.0210033e-05,8.2292856e-05,0.9998975
142,B,B,1.7392647e-05,0.9999372,4.536276e-05
143,B,B,0.0006585316,0.9877914,0.01155012
144,A,A,0.99357235,0.00015370164,0.006273922
145,A,A,0.97055614,0.029119307,0.0003245728
146,A,A,0.9998042,6.706506e-05,0.0001286805
147,B,B,6.481515e-07,0.99999845,9.087772e-07
148,B,B,3.3870274e-05,0.9999597,6.4092415e-06
149,B,B,4.445024e-05,0.99993217,2.3348648e-05
150,A,A,0.9997161,0.00016358458,0.000120222234
151,A,A,0.99838185,0.0010976404,0.0005203993
152,B,B,0.00010534708,0.99861586,0.0012788158
153,A,A,0.9996327,0.00014297407,0.00022424782
154,A,A,0.9975655,0.0020967498,0.00033774698
155,A,A,0.9584178,0.0010824297,0.040499847
156,B,B,1.2283611e-05,0.99998534,2.437799e-06
157,A,A,0.6141233,0.16972761,0.21614906
158,C,C,8.802993e-05,7.251551e-05,0.9998394
159,B,B,0.000106666084,0.9998379,5.547269e-05
160,C,C,0.00015547252,4.048312e-05,0.9998041
161,B,B,2.5676589e-05,0.9999429,3.1418298e-05
162,B,B,0.0003848711,0.99955434,6.07879e-05
163,C,C,0.00016678448,0.00031704415,0.9995161
164,B,B,9.938e-06,0.9999783,1.1793004e-05
165,B,B,2.3937759e-05,0.9997924,0.00018366367
166,A,A,0.99995923,1.4213714e-05,2.6584157e-05
167,B,B,0.0002939817,0.99895847,0.0007475045
168,C,C,0.00016874928,0.0002564469,0.99957484
169,A,A,0.9994272,0.0001743765,0.00039841872
170,C,C,1.7905984e-05,1.979524e-05,0.99996233
171,B,B,9.966829e-05,0.9998895,1.0868668e-05
172,A,A,0.9994079,9.5611125e-05,0.00049645867
173,C,C,9.318525e-06,1.306545e-05,0.9999776
174,B,B,0.0006538792,0.9989717,0.00037442843
175,A,A,0.99997306,8.1388725e-06,1.8857365e-05
176,B,B,0.00021791486,0.99976915,1.2979688e-05
177,A,A,0.9999591,2.4873481e-05,1.5965947e-05
178,A,A,0.99846613,0.0004070081,0.0011269988
179,A,A,0.99925643,0.00024420163,0.00049936137
180,C,C,0.00049532147,0.0002680218,0.9992367
181,B,B,0.00070233736,0.9990165,0.00028121358
182,C,C,4.903892e-05,8.623647e-05,0.9998647
183,B,B,4.95069e-06,0.99999213,2.9043963e-06
184,A,A,0.9449916,0.0017604621,0.053248044
185,B,B,9.915127e-07,0.9999987,3.9538168e-07
186,C,C,3.2009848e-05,5.1671297e-05,0.9999163
187,C,C,5.6921574e-05,0.00022715081,0.99971586
188,B,B,2.995818e-07,0.9999995,8.446258e-08
189,C,C,0.00016409729,4.894256e-05,0.99978703
190,A,A,0.9980855,0.001050139,0.0008644058
191,A,A,0.9998097,6.791618e-05,0.00012242064
192,C,C,2.3052319e-06,6.0138063e-06,0.99999166
193,A,A,0.99973136,6.4550084e-05,0.00020405995
194,C,C,0.011584399,0.00023457939,0.988181
195,A,B,0.44093502,0.54761314,0.011451817
196,A,A,0.999841,8.304377e-05,7.58957e-05
197,B,B,5.427686e-06,0.99999046,4.0571745e-06
198,B,B,1.5070273e-05,0.9999739,1.1048257e-05
199,C,C,2.0770078e-05,2.5529243e-05,0.99995375
200,B,B,1.999864e-05,0.99997604,3.917581e-06
201,B,B,2.9036921e-06,0.99999475,2.434871e-06
202,B,B,2.1131296e-05,0.9999331,4.5752204e-05
203,C,C,1.7981514e-05,1.7968143e-05,0.999964
204,C,C,0.00012753007,0.00014129371,0.9997311
205,A,A,0.9998467,0.0001257725,2.7518472e-05
206,A,A,0.9983712,0.0014296791,0.00019916025
207,C,C,3.92105e-05,9.193547e-05,0.99986887
208,B,B,4.7219183e-07,0.9999993,2.1441424e-07
209,A,A,0.99978715,5.1277868e-05,0.0001615634
210,C,C,0.00019779398,0.00015845474,0.9996438
211,B,B,2.51944e-05,0.99995553,1.9347564e-05
212,C,C,7.438071e-05,0.0001855264,0.99974006
213,B,B,2.036841e-05,0.9993543,0.00062538165
214,A,A,0.9998399,0.00010917021,5.0903833e-05
215,A,A,0.99976057,0.00019668746,4.2760752e-05
216,B,B,5.023954e-06,0.99999404,9.319581e-07
217,B,B,6.043425e-06,0.9999932,6.804613e-07
218,A,A,0.9999782,1.3122187e-05,8.739627e-06
219,A,A,0.99721754,0.0013993311,0.0013831775
220,C,C,0.00013518089,0.00037989946,0.9994849
221,A,C,0.24800847,0.0011668312,0.75082463
222,C,C,5.0276692e-05,0.00023175211,0.999718
223,A,A,0.9999577,1.0079949e-05,3.214041e-05
224,B,B,0.0015415768,0.9984257,3.2722957e-05
225,C,C,0.00046422385,0.0003121753,0.9992236
226,B,B,7.3381455e-07,0.99999905,2.922634e-07
227,C,C,0.00020675635,0.00020303809,0.9995902
228,C,C,1.9846137e-05,1.4338847e-05,0.9999658
229,A,A,0.9999169,4.0896168e-05,4.21639e-05
230,B,B,7.910129e-05,0.9986638,0.0012571255
231,C,C,2.7866578e-05,3.6636073e-05,0.9999355
232,B,B,0.00015888068,0.9986803,0.0011607503
233,A,A,0.99844885,4.651976e-05,0.0015046308
234,A,A,0.9991055,0.00024105562,0.0006533686
235,A,A,0.9999037,1.5891328e-05,8.0484e-05
236,B,B,3.0068539e-05,0.9999037,6.6318964e-05
237,B,B,1.2510646e-05,0.9999851,2.3755065e-06
238,A,A,0.99912316,0.0002789565,0.0005979014
239,B,B,2.7949093e-06,0.9999964,8.021445e-07
240,B,B,2.7658332e-06,0.9999957,1.574386e-06
241,B,B,1.6412923e-05,0.9997056,0.0002779013
242,C,C,5.195426e-05,4.174367e-05,0.9999063
243,C,C,9.318525e-06,1.306545e-05,0.9999776
244,B,B,3.7380973e-06,0.99999344,2.8919626e-06
245,C,C,1.1478254e-05,4.096171e-05,0.99994755
246,B,B,0.00020206685,0.9997714,2.6610309e-05
247,B,B,0.00031497225,0.99956566,0.000119361335
248,A,A,0.99622065,0.00034665925,0.003432722
249,B,B,0.00037594268,0.9986117,0.0010123157
250,C,C,0.013387522,0.00010807973,0.9865044
251,B,B,0.0005280335,0.9994343,3.76033e-05
252,C,C,7.2698276e-05,9.701736e-05,0.99983025
253,C,C,2.756874e-05,8.217909e-05,0.9998902
254,C,C,0.00014810766,0.00022896743,0.99962294
255,A,A,0.9999794,9.956196e-06,1.0665519e-05
256,B,B,8.519745e-07,0.9999988,4.0903925e-07
257,A,A,0.9997266,0.00017525745,9.8037504e-05
258,C,C,2.5256326e-05,5.9085723e-05,0.9999156
259,B,B,3.1912098e-06,0.9999951,1.6157711e-06
260,C,C,6.943722e-05,3.2521613e-05,0.9998981
261,A,A,0.9965951,0.0029734578,0.00043144767
262,B,B,6.1237074e-07,0.9999993,1.168808e-07
263,A,A,0.9993749,0.00010141799,0.0005237308
264,A,A,0.99999785,7.1411154e-07,1.4630261e-06
265,C,C,6.433698e-05,4.0757164e-05,0.99989486
266,A,A,0.99998486,4.6077976e-06,1.0492825e-05
267,B,B,0.00034502216,0.9995147,0.00014028282
268,B,B,2.165489e-05,0.9999628,1.5446385e-05
269,C,C,3.3252156e-05,8.212872e-05,0.9998846
270,A,A,0.99953055,0.0004217978,4.7635178e-05
271,C,C,3.256438e-05,0.0001818887,0.9997856
272,B,B,0.00058826443,0.99939024,2.1490296e-05
273,A,A,0.9997522,7.423026e-05,0.00017357693
274,B,B,5.809289e-07,0.9999993,1.07982906e-07
275,A,A,0.9734412,0.00027489197,0.026283901
276,B,B,4.1825904e-05,0.999821,0.00013712826
277,C,C,3.353822e-05,6.0788858e-05,0.9999057
278,C,C,3.0183079e-05,0.000100637604,0.9998691
279,C,C,3.138121e-05,4.5399516e-05,0.9999232
280,C,C,8.417782e-05,0.000262219,0.9996536
281,B,B,0.0064100414,0.9912844,0.002305583
282,C,C,9.882727e-06,1.6826756e-05,0.9999733
283,A,A,0.99980384,0.00016845185,2.7792208e-05
284,A,A,0.99404377,0.004753574,0.0012026576
285,B,B,7.632985e-05,0.99990594,1.7783554e-05
286,A,A,0.998058,2.2564791e-05,0.00191933
287,B,B,0.0030016736,0.8131818,0.18381652
288,A,A,0.9984561,0.00045077197,0.0010931682
289,C,C,3.5922418e-05,2.4133553e-05,0.9999399
290,B,B,7.526208e-06,0.9999827,9.798844e-06
291,B,B,2.0302063e-07,0.99999964,1.4467668e-07
292,A,A,0.9999908,6.3674634e-06,2.8782638e-06
293,A,A,0.9996816,0.00016764841,0.00015073665
294,C,C,9.685424e-06,1.2278848e-05,0.99997807
295,B,B,8.534056e-05,0.99990606,8.640818e-06
296,A,A,0.9971138,0.00035316244,0.0025329771
297,C,C,0.00010326719,8.4215775e-05,0.99981254
298,A,A,0.99998295,6.3590514e-06,1.0693229e-05
299,A,A,0.99774593,4.4685232e-05,0.0022093703
300,C,C,0.110219516,0.0002770209,0.8895034
301,B,B,3.2792175e-07,0.99999964,5.5407767e-08
302,B,B,7.45857e-05,0.99982965,9.56855e-05
303,A,A,0.99960893,0.00016270034,0.00022843576
304,C,C,2.1856285e-06,6.970977e-06,0.9999908
305,B,B,2.289756e-05,0.9998841,9.296996e-05
306,C,C,0.00014902453,0.0001467561,0.9997042
307,A,A,0.995764,9.701263e-05,0.004139006
308,A,A,0.99908984,0.00066538143,0.00024472811
309,B,B,3.591912e-05,0.99985385,0.00011029461
310,B,B,1.158689e-05,0.9999852,3.2705768e-06
311,C,C,3.8150407e-05,0.0001632837,0.9997986
312,A,A,0.99997425,7.2623675e-06,1.842298e-05
313,B,B,5.5220744e-06,0.99998784,6.6431303e-06
314,A,A,0.99966824,7.947643e-05,0.00025225471
315,B,B,4.9483104e-05,0.99984753,0.00010299865
316,C,C,0.0048720697,8.5219246e-05,0.9950427
317,B,B,2.4338335e-05,0.9999647,1.091259e-05
318,A,A,0.9989636,0.0003160649,0.00072040805
319,B,B,1.1358326e-06,0.9999982,6.396564e-07
320,A,A,0.76850194,0.0012987679,0.23019928
321,B,B,2.9614919e-06,0.9999962,8.795426e-07
322,B,B,3.7755615e-06,0.99999034,5.856673e-06
323,B,B,7.933065e-06,0.999987,5.042067e-06
324,B,B,2.7714634e-05,0.9999317,4.0539675e-05
325,C,C,0.005663784,0.00015647622,0.9941797
326,C,C,0.00041357538,0.002427576,0.9971589
327,B,B,3.3791184e-05,0.9995332,0.00043301727
328,C,C,0.00015052423,8.571566e-05,0.9997638
329,B,B,3.1344937e-06,0.99999654,3.1796142e-07
330,C,C,0.00010878499,3.844481e-05,0.9998528
331,C,C,0.00026119043,0.000160775,0.99957806
332,C,C,5.019761e-05,8.936709e-05,0.9998604
333,B,B,3.7890507e-06,0.9999938,2.3682571e-06
334,A,A,0.99921834,8.894167e-05,0.00069263874
335,C,C,0.00012848034,0.00011824735,0.9997533
336,C,C,0.0002668162,0.00028038898,0.99945277
337,C,C,1.50883e-05,3.8174945e-05,0.9999467
338,B,B,5.020889e-05,0.9998926,5.7169673e-05
339,B,B,1.4858339e-05,0.9999807,4.4257836e-06
340,B,B,1.4380629e-05,0.9999726,1.2981983e-05
341,B,B,3.5046254e-05,0.9996288,0.0003362171
342,A,A,0.99016553,0.00022919927,0.009605309
343,C,C,6.5434283e-06,2.6328453e-05,0.9999671
344,A,A,0.9994018,0.0001930248,0.00040516592
345,A,A,0.99999213,4.488347e-06,3.3042643e-06
346,B,B,1.5032009e-07,0.9999999,4.434597e-08
347,C,C,0.00012198094,0.00011785873,0.9997602
348,C,C,0.00010502619,3.718376e-05,0.9998578
349,A,A,0.99997103,1.2407705e-05,1.6610247e-05
350,A,A,0.98923326,9.925339e-05,0.0106674135
351,C,C,8.393932e-05,6.71302e-05,0.99984896
352,A,A,0.99936134,0.00030945794,0.00032921086
353,A,A,0.999699,0.00017258213,0.00012846956
354,A,A,0.9998142,4.2603195e-05,0.0001433221
355,C,C,0.00016737518,0.00041734875,0.9994153
356,C,C,8.7597204e-05,0.00010260047,0.9998098
357,C,C,2.879869e-05,3.1743795e-05,0.99993944
358,C,C,7.5249886e-06,0.000116431605,0.999876
359,B,B,0.0001458573,0.99976844,8.568247e-05
360,A,A,0.99968493,8.137866e-05,0.0002337492
361,B,B,2.7671073e-05,0.9999541,1.8220242e-05
362,B,B,4.197822e-05,0.9998779,8.011818e-05
363,B,B,1.0877272e-06,0.99999654,2.425075e-06
364,B,B,3.2827527e-05,0.99996424,2.997966e-06
365,C,C,0.00015085432,0.0002063864,0.9996427
366,C,C,3.1227886e-05,2.7145308e-05,0.9999416
367,C,C,0.0054736994,0.0001922802,0.994334
368,A,A,0.99377185,4.39297e-05,0.006184166
369,A,A,0.999979,8.73332e-06,1.2302033e-05
370,A,A,0.9950328,0.00047867675,0.0044886377
371,A,A,0.99764144,0.0012245182,0.0011340618
372,C,C,9.535272e-05,3.4055167e-05,0.99987054
373,C,C,5.0577296e-06,9.5739515e-06,0.99998534
374,C,C,2.3395374e-05,0.00019854594,0.9997781
375,C,C,4.632347e-05,8.304291e-05,0.99987066
376,C,C,0.00014555045,4.3407264e-05,0.9998111
377,A,A,0.99988794,1.9557623e-05,9.251967e-05
378,A,A,0.9999732,1.6122454e-05,1.0727301e-05
379,C,C,0.0017586554,0.00010574543,0.99813557
380,C,C,3.422637e-05,9.407106e-05,0.99987173
381,C,C,0.0003532155,0.00015620122,0.9994906
382,B,B,2.1820184e-05,0.9999279,5.0338873e-05
383,C,C,4.5002907e-05,6.289806e-05,0.9998921
384,C,C,5.1485298e-05,5.7321853e-05,0.99989116
385,B,B,7.28165e-05,0.9999199,7.2576313e-06
386,A,A,0.999874,9.022638e-05,3.5741305e-05
387,B,B,2.5052863e-05,0.9999714,3.534602e-06
388,A,A,0.9996222,0.00021866449,0.00015907588
389,A,A,0.9835437,0.00010000845,0.016356306
390,A,A,0.99998367,7.1767445e-06,9.223607e-06
391,A,A,0.9999989,8.3015385e-07,2.5350977e-07
392,C,C,4.402227e-05,4.5492074e-05,0.9999105
393,B,B,1.6994867e-05,0.99986756,0.000115400886
394,C,C,0.00010157175,7.2039446e-05,0.9998264
395,C,C,8.5623586e-05,0.00013153582,0.99978286
396,C,C,8.12548e-05,7.364762e-05,0.999845
397,A,A,0.99413437,0.00014289754,0.005722722
398,B,B,0.00019264335,0.99980575,1.6266749e-06
399,C,C,1.692928e-05,2.4495874e-05,0.9999585
400,B,B,3.1827612e-06,0.99999535,1.4478615e-06
401,A,A,0.99502087,0.00010106544,0.004878056
402,A,A,0.9914493,0.00043304823,0.008117626
403,A,A,0.99989426,3.8927727e-05,6.669662e-05
404,A,A,0.99949884,1.3158218e-05,0.00048800258
405,B,B,2.4869605e-06,0.9999963,1.1963605e-06
406,C,C,1.6942331e-05,2.7310478e-05,0.9999558
407,A,A,0.9997564,0.0001788282,6.47965e-05
408,A,A,0.99634475,0.00014120105,0.0035140868
409,C,C,1.2799589e-05,2.7761353e-05,0.99995947
410,C,C,6.6394905e-06,1.7636246e-05,0.9999757
411,B,B,2.1831358e-05,0.99996305,1.5111298e-05
412,A,A,0.9988933,0.0002691418,0.00083762105
413,A,A,0.99668723,0.0030612212,0.00025153582
414,B,B,1.5726982e-05,0.9999813,3.0300318e-06
415,A,A,0.9963207,0.0034841648,0.00019512964
416,A,A,0.99970835,0.00023926402,5.2304567e-05
417,A,A,0.9998616,2.468151e-05,0.000113739334
418,C,C,2.7787093e-05,5.876954e-05,0.99991345
419,C,C,3.7924096e-05,5.4405933e-05,0.9999076
420,B,B,2.6221298e-06,0.9999969,4.430266e-07
421,C,C,1.0208952e-05,0.0012449421,0.99874485
422,A,A,0.99896705,0.0006782543,0.00035474612
423,A,A,0.9995826,7.029253e-05,0.00034709595
424,A,A,0.99977607,9.512438e-05,0.00012884586
425,C,C,8.5331785e-06,1.993343e-05,0.9999715
426,A,C,0.2977061,0.00048811882,0.7018057
427,B,B,7.4565883e-06,0.99998677,5.7340317e-06
428,A,A,0.99958175,0.00022593045,0.00019229056
429,A,A,0.9998018,0.0001448483,5.337241e-05
430,C,C,5.2947937e-05,4.4821973e-05,0.99990225
431,C,C,2.0889112e-05,1.6469789e-05,0.9999627
432,A,A,0.99765235,0.00041221306,0.0019354847
433,B,B,6.0146857e-07,0.99999917,2.5002e-07
434,B,B,1.3335857e-06,0.99999833,3.574786e-07
435,C,C,1.6850603e-05,1.6475777e-05,0.9999666
436,C,C,3.395847e-05,0.00012941066,0.99983656
437,A,A,0.9999722,1.5648118e-05,1.2105427e-05
438,B,B,2.673914e-07,0.99999964,7.9860264e-08
439,B,B,1.0753468e-05,0.9997583,0.00023095479
440,A,A,0.9998004,0.00018299917,1.6710777e-05
441,B,B,1.995362e-05,0.999974,6.038072e-06
442,A,A,0.999969,1.6948728e-05,1.4064129e-05
443,C,C,0.0001259679,0.000121810706,0.9997522
444,A,C,0.3243792,0.0006507347,0.6749701
445,C,C,2.7123137e-05,1.7868293e-05,0.99995506
446,A,A,0.999553,0.00010059658,0.0003463353
447,A,A,0.9998037,5.5131633e-05,0.00014108799
448,C,C,6.646326e-05,2.5248388e-05,0.9999083
449,A,A,0.9993424,0.00020956993,0.00044805548
450,B,B,5.7437237e-06,0.9999933,9.701153e-07
451,A,A,0.9987375,0.001034135,0.00022830802
452,B,B,0.00036890013,0.9995579,7.3217765e-05
453,A,A,0.99981683,9.5911855e-05,8.725714e-05
454,B,B,1.0478267e-05,0.9999831,6.438086e-06
455,B,B,0.00019949043,0.996366,0.0034343922
456,C,C,6.0740218e-05,6.533013e-05,0.9998739
457,A,A,0.99999344,2.910056e-06,3.718985e-06
458,A,A,0.9999784,1.2351717e-05,9.13719e-06
459,B,B,0.0001053606,0.99982005,7.45783e-05
460,A,A,0.9978908,0.00081093016,0.001298315
461,B,B,1.6298301e-05,0.99995685,2.676435e-05
462,C,C,1.0726335e-05,2.9798246e-05,0.99995947
463,A,A,0.99989927,3.7904723e-05,6.277411e-05
464,B,B,0.0020549134,0.9979207,2.4373116e-05
465,B,B,1.2190588e-06,0.99999833,4.1768854e-07
466,C,C,4.4934204e-06,4.688317e-06,0.9999908
467,A,A,0.9739405,7.043742e-05,0.025989015
468,C,C,3.6386726e-05,7.484472e-05,0.9998888
469,B,B,0.0049864873,0.9915141,0.0034994113
470,C,C,3.707282e-05,0.00020827196,0.9997546
471,B,B,7.787173e-05,0.9998739,4.8232927e-05
472,A,A,0.9994301,0.0002213143,0.00034848007
473,B,B,4.462792e-06,0.9999938,1.8185959e-06
474,B,B,1.9484669e-05,0.9999578,2.2727805e-05
475,B,B,0.00016347134,0.999595,0.00024149756
476,A,A,0.9998727,3.2330452e-05,9.5035095e-05
477,A,A,0.9999236,1.0856732e-05,6.557871e-05
478,C,C,5.347447e-05,4.9213213e-05,0.99989736
479,C,C,4.364773e-05,4.142775e-05,0.9999149
480,C,C,5.0254333e-05,3.8519614e-05,0.9999112
481,A,A,0.9986577,0.0009499174,0.0003923585
482,C,C,0.00023058793,0.00015980359,0.99960965
483,C,C,5.165105e-06,9.327019e-06,0.99998546
484,C,C,0.00014660011,6.162264e-05,0.9997918
485,A,A,0.9998789,7.084275e-05,5.0244944e-05
486,A,A,0.99958616,5.7230744e-05,0.00035661823
487,C,C,2.0565809e-05,1.8482426e-05,0.9999609
488,A,A,0.99995995,2.997137e-05,1.0077848e-05
489,B,B,2.9153605e-07,0.9999993,4.4973834e-07
490,A,A,0.99956125,9.252561e-05,0.00034620045
491,B,B,1.3112958e-05,0.99998224,4.6321456e-06
492,C,C,0.00015020987,0.00015189848,0.9996979
493,A,A,0.99992895,1.7923463e-05,5.3167187e-05
494,C,C,0.00016848842,6.043964e-05,0.99977106
495,A,A,0.679117,0.022306507,0.2985764
496,B,B,1.0818339e-05,0.999964,2.5099884e-05
497,B,B,7.179971e-07,0.9999988,4.2863346e-07
498,B,B,6.137026e-07,0.9999975,1.869353e-06
499,B,B,1.3477141e-05,0.99997914,7.3997817e-06
500,B,B,3.1608192e-06,0.9999964,3.7469866e-07
501,A,A,0.999864,4.3696273e-05,9.220177e-05
502,C,C,5.0944807e-05,0.00013804405,0.999811
503,A,A,0.9713718,0.0009909701,0.027637113
504,B,B,8.8102166e-07,0.9999989,2.2168756e-07
505,B,B,3.3369863e-06,0.9999949,1.8430696e-06
506,C,C,8.397904e-05,0.0007037094,0.99921227
507,A,A,0.9992331,0.00067597657,9.0913025e-05
508,A,A,0.9998777,8.399887e-06,0.00011393289
509,C,C,6.56092e-05,0.00046417947,0.9994702
510,B,B,0.00037423946,0.9995041,0.00012159549
511,C,C,7.222778e-05,3.9655424e-05,0.99988806
512,C,C,1.9781526e-05,0.00012438114,0.9998559
513,A,A,0.9737968,0.0002645792,0.02593859
514,C,C,6.977032e-05,9.598983e-05,0.9998342
515,C,C,0.00010181568,0.00014405933,0.99975413
516,A,A,0.9994573,0.00018919664,0.00035350263
517,B,B,8.876893e-07,0.9999987,4.9665385e-07
518,A,A,0.99945,0.000118544514,0.00043143248
519,B,B,3.4625155e-06,0.99999595,5.621748e-07
520,C,C,7.191337e-05,0.00012818501,0.9997999
521,C,C,0.00031792175,0.00034562842,0.9993364
522,C,C,4.0611856e-05,4.274651e-05,0.9999167
523,A,A,0.99879885,0.00035759335,0.000843623
524,C,C,1.7248822e-05,9.400882e-06,0.9999733
525,B,B,7.076509e-07,0.99999905,2.3037116e-07
526,C,C,0.0001226619,0.0004056095,0.9994717
527,A,A,0.9996537,0.00013340075,0.00021290827
528,B,B,2.7439817e-06,0.99999654,7.706259e-07
529,C,C,0.0002644376,0.000248306,0.9994873
530,A,A,0.99778724,2.589696e-05,0.0021868187
531,C,C,0.00012702683,8.2806495e-05,0.99979013
532,C,C,0.000103521816,0.0001428308,0.99975365
533,A,A,0.9962436,0.00015821574,0.0035982104
534,A,A,0.9989667,0.0004274074,0.00060589664
535,B,B,6.631535e-05,0.9997471,0.00018661494
536,B,B,0.00037216835,0.9992866,0.00034123534
537,B,B,0.00012842726,0.99948126,0.0003903827
538,C,C,0.0006654007,0.00028823988,0.9990464
539,C,C,4.8908238e-05,0.00055829214,0.99939275
540,B,B,1.6245016e-07,0.9999999,5.484149e-08
541,C,C,0.0001419514,9.691874e-05,0.99976116
542,B,B,1.3963127e-05,0.999979,7.0188316e-06
543,C,C,0.00025363435,0.00027593866,0.9994704
544,A,A,0.99863964,7.223962e-05,0.0012881188
545,B,B,1.5088664e-05,0.99997663,8.213899e-06
546,B,B,1.6288599e-05,0.99997544,8.244747e-06
547,A,A,0.9983292,0.0014974894,0.00017323338
548,B,B,0.00012305737,0.9998448,3.215769e-05
549,A,A,0.9999064,5.6182118e-05,3.7429356e-05
550,C,C,5.8018053e-05,6.440836e-05,0.9998776
551,A,A,0.99975437,1.34851925e-05,0.0002321439
552,A,A,0.9946003,0.0040084454,0.0013912295
553,C,C,0.000103533814,0.00012045152,0.99977607
554,A,A,0.9966536,0.0005850018,0.0027613547
555,B,B,4.9240475e-07,0.99999917,3.5135855e-07
556,A,A,0.99927396,0.00022633049,0.0004997611
557,A,A,0.9994791,0.00018589446,0.00033500599
558,C,C,6.194864e-05,0.00011813654,0.99981993
559,A,A,0.99956125,0.00012681427,0.00031197423
560,B,B,1.2924923e-05,0.9999678,1.925806e-05
561,B,B,1.11364525e-05,0.99998474,4.182204e-06
562,A,A,0.9982864,3.9959126e-05,0.0016735177
563,B,B,4.9360195e-05,0.99994886,1.7675351e-06
564,B,B,3.3811298e-06,0.99999416,2.4490475e-06
565,C,C,3.764705e-05,3.68562e-05,0.9999255
566,C,C,4.833846e-05,9.518766e-05,0.9998565
567,C,C,2.487052e-05,3.9690178e-05,0.9999354
568,B,B,2.0507176e-05,0.99988675,9.26969e-05
569,C,C,1.22263555e-05,2.8045937e-05,0.9999597
570,B,B,0.00011142696,0.9989011,0.0009874344
571,B,B,0.00013993305,0.99978,8.014219e-05
572,A,A,0.99989116,3.9589e-05,6.9214606e-05
573,C,C,0.00019950315,0.0004379175,0.99936265
574,A,A,0.999435,0.0004350984,0.00012980629
575,B,B,6.564368e-06,0.9999912,2.289812e-06
576,A,A,0.9873713,0.009609558,0.003019105
577,A,A,0.9992312,0.00015830522,0.00061048084
578,A,A,0.9998233,4.4800905e-05,0.00013189147
579,C,C,6.995343e-06,6.408339e-06,0.99998665
580,A,A,0.9928618,0.007056556,8.161156e-05
581,B,B,1.05081535e-05,0.9999856,3.914213e-06
582,B,B,9.686578e-05,0.99988115,2.1888774e-05
583,C,C,7.248675e-05,0.00013489986,0.99979264
584,B,B,5.439516e-05,0.99992704,1.86145e-05
585,B,B,5.4663557e-05,0.9997842,0.00016118801
586,B,B,4.039154e-06,0.99999464,1.27114e-06
587,A,A,0.9942216,0.003359015,0.0024193835
588,A,A,0.99999666,1.4455937e-06,1.8741782e-06
589,A,A,0.9913011,0.0012902982,0.007408549
590,B,B,2.170109e-06,0.9999963,1.4909779e-06
591,A,A,0.9976851,0.0015060378,0.00080881105
592,A,A,0.9995283,0.00013757833,0.00033415676
593,A,A,0.99994063,4.797863e-05,1.1451103e-05
594,C,C,0.00020817781,0.00070352346,0.9990883
595,C,C,3.468429e-05,6.3993735e-05,0.9999013
596,C,C,0.00052831887,0.0008128935,0.9986588
597,A,A,0.998978,0.00028189088,0.0007400711
598,C,C,0.000105632564,8.846391e-05,0.99980587
599,B,B,3.9600243e-05,0.9998528,0.00010760152
600,A,A,0.99999285,4.218128e-06,2.9517346e-06
601,B,B,3.6445555e-05,0.9998505,0.00011294598
602,B,B,2.6974405e-05,0.99995434,1.8761224e-05
603,B,B,9.38732e-07,0.9999988,2.0855728e-07
604,A,A,0.98581207,0.0008834389,0.013304604
605,A,A,0.5472368,0.00050509674,0.45225808
606,B,B,2.653422e-07,0.99999976,4.2104443e-08
607,A,A,0.9999552,2.6084714e-05,1.8699862e-05
608,A,A,0.99979,7.569595e-05,0.0001343627
609,B,B,1.3074041e-05,0.99998164,5.2453424e-06
610,C,C,1.5281401e-05,2.0261486e-05,0.9999645
611,B,B,2.4105455e-05,0.9999747,1.2179772e-06
612,B,B,1.663666e-07,0.99999976,8.1452775e-08
613,B,B,9.363218e-08,0.99999964,2.0725875e-07
614,B,B,1.8524313e-05,0.9999769,4.6915166e-06
615,C,C,0.00013869678,0.00017200178,0.99968934
616,B,B,6.857766e-06,0.9999888,4.3084738e-06
617,A,A,0.9993812,0.0004953298,0.00012341439
618,B,B,5.719829e-06,0.9999912,3.1019977e-06
619,A,A,0.99985397,8.06828e-05,6.532217e-05
620,B,B,0.00097096973,0.9985049,0.0005241919
621,A,A,0.9995896,2.8896413e-05,0.00038144595
622,B,B,1.947652e-06,0.99999774,3.192571e-07
623,A,A,0.996784,0.0011629098,0.00205312
624,B,B,3.4513441e-06,0.9999896,6.958157e-06
625,A,A,0.9960387,0.0006238182,0.0033374906
626,B,B,2.0065512e-05,0.99995923,2.0797226e-05
627,C,C,0.00016145344,0.00012568539,0.9997129
628,A,A,0.99278957,0.006294083,0.00091633835
629,A,A,0.99994683,1.89902e-05,3.4202803e-05
630,B,B,1.1179811e-05,0.9999795,9.248196e-06
631,A,A,0.99991167,5.148542e-05,3.6848593e-05
632,A,A,0.99886465,0.0004183895,0.0007169763
633,A,A,0.99899155,0.00047947085,0.0005289374
634,B,B,2.7360875e-05,0.9999702,2.3914574e-06
635,A,A,0.9985201,0.000804961,0.0006749739
636,B,B,1.3778566e-07,0.9999999,5.3242168e-08
637,A,A,0.9983752,0.00068577373,0.00093903934
638,C,C,0.00014653003,7.0579896e-05,0.99978286
639,C,C,1.4125026e-05,1.6434848e-05,0.9999695
640,A,A,0.9937522,0.00034913153,0.005898735
641,B,B,6.7071933e-06,0.99998724,6.1146084e-06
642,A,A,0.9999505,2.0058907e-05,2.9491239e-05
643,A,A,0.99544805,0.000790187,0.0037616894
644,B,B,0.00054090365,0.9967901,0.0026689977
645,A,A,0.9962005,0.00167314,0.0021262898
646,A,A,0.9806497,0.00261479,0.016735582
647,A,A,0.9987827,0.00036642535,0.0008507937
648,A,A,0.9999894,2.6218752e-06,8.042464e-06
649,A,A,0.9956363,0.00011575252,0.0042479606
650,B,B,4.4020726e-07,0.99999666,2.8019397e-06
651,A,A,0.9987451,0.00033573507,0.00091915077
652,A,A,0.9997693,7.778417e-05,0.0001528997
653,C,C,0.00014101728,0.00024837762,0.9996106
654,C,C,4.200432e-05,5.3638796e-05,0.9999044
655,B,B,5.90409e-06,0.9999907,3.3413285e-06
656,A,A,0.99735236,0.0013110418,0.0013365771
657,C,C,0.00012563948,0.00016458599,0.9997098
658,B,B,0.00019573535,0.99967754,0.00012679139
659,A,A,0.9993338,0.00058792165,7.821458e-05
660,C,C,1.6620472e-05,2.169137e-05,0.99996173
661,A,A,0.9986908,0.0005143161,0.0007949127
662,A,A,0.991892,0.00046356465,0.007644489
663,B,B,5.7006157e-05,0.9978746,0.002068437
664,C,C,0.00012353105,0.001160557,0.9987159
665,B,B,6.41329e-06,0.99999225,1.3288068e-06
666,A,A,0.9983839,0.000798675,0.00081745716
667,B,B,5.7226295e-08,1.0,1.9604641e-08
668,B,B,5.7088462e-05,0.99987876,6.409166e-05
669,A,A,0.9999001,3.0299781e-05,6.96053e-05
670,A,A,0.9999248,3.230831e-05,4.294057e-05
671,A,A,0.9998254,0.0001115972,6.306757e-05
672,A,A,0.9996636,0.00015628296,0.00018018825
673,C,C,3.822318e-05,8.8363304e-05,0.9998734
674,C,C,0.00031489827,0.012420551,0.9872645
675,A,A,0.9997855,8.587708e-05,0.00012862791
676,B,B,6.531875e-07,0.99999917,2.012793e-07
677,A,A,0.9981949,0.0009318873,0.0008732678
678,B,B,3.688604e-06,0.9999933,3.0201613e-06
679,A,A,0.9991037,0.00039364037,0.00050256395
680,B,B,1.7584384e-08,1.0,1.3969525e-08
681,A,A,0.9986339,0.0005293116,0.00083681033
682,C,C,0.00012320881,7.708792e-05,0.99979967
683,C,C,0.00032278762,0.00014531802,0.99953187
684,C,C,0.00015407818,0.00030933134,0.99953663
685,A,A,0.999526,4.4411343e-05,0.00042951846
686,A,A,0.99990404,6.9761954e-05,2.6232734e-05
687,C,C,0.00027702886,0.00020998687,0.99951303
688,C,C,1.1030223e-05,1.3147008e-05,0.9999758
689,A,A,0.9991208,7.773253e-05,0.0008014968
690,C,C,0.00023043943,0.000324294,0.99944526
691,C,C,1.2768601e-05,9.701633e-05,0.9998902
692,C,C,0.0004741601,6.462798e-05,0.99946123
693,A,A,0.9978283,9.0909976e-05,0.002080806
694,C,C,3.920946e-06,1.0361711e-05,0.9999857
695,C,C,3.4110046e-05,6.833805e-05,0.9998976
696,B,B,1.3915227e-05,0.99993205,5.395504e-05
697,A,A,0.9226725,0.008042083,0.06928534
698,C,C,7.587646e-06,2.3975035e-05,0.9999684
699,A,A,0.9995246,0.00034452352,0.00013100341
700,C,C,4.978624e-06,0.0002765905,0.99971837
701,B,B,1.0707385e-05,0.99996793,2.1348409e-05
702,C,C,9.5350944e-05,6.608498e-05,0.9998386
703,B,B,0.0006792859,0.9992873,3.3432814e-05
704,A,A,0.9997595,0.00014232691,9.814981e-05
705,A,A,0.99969125,9.9783276e-05,0.00020902662
706,C,C,1.1072778e-05,2.7719605e-05,0.99996126
707,A,A,0.99432665,0.00072618254,0.004947204
708,C,C,3.763971e-05,1.8221259e-05,0.9999441
709,A,A,0.9900005,0.00039398635,0.00960554
710,B,B,3.7007292e-05,0.999912,5.0963998e-05
711,C,C,1.0071748e-05,1.1779009e-05,0.9999782
712,C,C,0.00020347095,0.00038729628,0.9994092
713,C,C,0.0006667102,5.1566014e-05,0.9992817
714,C,C,0.0002989289,0.00012515174,0.9995759
715,A,A,0.9999151,7.309523e-05,1.1771808e-05
716,B,B,0.00012607995,0.9998307,4.318951e-05
717,C,C,5.5884822e-05,2.7541451e-05,0.99991655
718,B,B,9.587088e-05,0.9997081,0.00019603726
719,A,A,0.9991974,0.0003410533,0.00046151594
720,A,A,0.99956137,0.00011745573,0.00032116112
721,C,C,1.4739391e-05,3.9054958e-05,0.99994624
722,C,C,6.6691784e-05,4.379639e-05,0.9998895
723,C,C,0.00016774393,0.0004201999,0.99941206
724,B,B,1.3718541e-05,0.99997306,1.31968545e-05
725,A,A,0.99919814,0.00010829582,0.0006936434
726,B,B,1.2986711e-05,0.99994385,4.313886e-05
727,B,B,6.424437e-05,0.9998858,4.9994163e-05
728,B,B,3.0034473e-06,0.9998006,0.00019640554
729,A,A,0.9999689,1.5706524e-05,1.5369336e-05
730,B,B,6.825319e-05,0.9999168,1.4948306e-05
731,C,C,0.00015740797,0.0003321286,0.9995104
732,A,A,0.9989532,0.0002705479,0.0007762435
733,A,A,0.9999279,8.107154e-06,6.4018874e-05
734,C,C,5.6940997e-05,2.627433e-05,0.9999168
735,C,C,0.00012610856,9.200493e-05,0.9997819
736,C,C,1.7695796e-05,0.00019018425,0.99979216
737,B,B,4.5079276e-05,0.9999006,5.4301054e-05
738,C,C,0.0001341963,3.97981e-05,0.999826
739,B,B,3.2705615e-05,0.99995804,9.323829e-06
740,A,A,0.99987805,2.1927797e-05,9.999923e-05
741,B,B,5.802832e-06,0.9999912,2.9732353e-06
742,A,A,0.9950471,0.0048468434,0.000106054
743,C,C,0.0017648749,9.925068e-05,0.9981358
744,C,C,5.7760346e-05,2.7440074e-05,0.99991477
745,A,A,0.9840247,0.0004026298,0.015572731
746,A,A,0.99929476,0.0003510269,0.00035417633
747,C,C,7.486741e-05,0.0004931281,0.999432
748,B,B,5.367371e-05,0.9999342,1.2186698e-05
749,A,A,0.99914646,0.00029637458,0.0005572206
750,A,A,0.9991978,0.00017870509,0.0006235149
751,C,C,4.8995513e-05,1.4438542e-05,0.9999366
752,C,C,0.0018151368,8.794726e-05,0.9980969
753,B,B,1.2694835e-05,0.9999862,1.185407e-06
754,B,B,1.4238173e-05,0.99997914,6.674354e-06
755,A,A,0.882254,0.0002811935,0.11746476
756,B,B,5.630937e-07,0.9999993,8.554836e-08
757,B,B,1.1650946e-05,0.99998236,5.983454e-06
758,A,A,0.9996443,7.5245975e-05,0.0002804791
759,B,B,1.9791285e-05,0.99996376,1.6506521e-05
760,A,A,0.99488896,0.00028121672,0.0048298743
761,B,B,0.0006203555,0.9991628,0.00021686745
762,C,C,0.00035687909,0.00029163924,0.99935144
763,B,B,4.039003e-05,0.9999547,4.9335754e-06
764,A,A,0.99986017,8.49836e-05,5.477151e-05
765,B,B,1.4527802e-05,0.9999827,2.7877609e-06
766,A,A,0.9949079,0.000693827,0.0043982454
767,B,B,3.977426e-07,0.9999994,2.3822047e-07
768,A,A,0.99313736,0.0063728243,0.0004898029
769,C,C,0.00018990108,0.0003815333,0.9994286
770,A,A,0.99987423,5.6082557e-05,6.957138e-05
771,B,B,7.40761e-05,0.99989736,2.8653656e-05
772,C,C,0.0056354497,0.00012651285,0.994238
773,B,B,1.58039e-05,0.9999658,1.830861e-05
774,A,A,0.9999832,7.860969e-06,8.899502e-06
775,C,C,9.197021e-05,0.00010014052,0.9998079
776,C,C,0.00013678457,0.00023803541,0.9996252
777,B,B,3.326803e-05,0.99995065,1.6102085e-05
778,B,B,9.536155e-06,0.99998546,5.058425e-06
779,C,C,6.51668e-05,0.00020855582,0.99972624
780,C,C,3.5625886e-05,2.226139e-05,0.99994206
781,C,C,6.0589505e-06,2.1343376e-05,0.9999726
782,C,C,0.00025483538,9.4982955e-05,0.9996501
783,B,B,7.697592e-06,0.99999034,1.903918e-06
784,A,A,0.99605465,0.0035445243,0.0004008318
785,A,A,0.95399773,0.00037550094,0.04562669
786,C,C,1.9118344e-05,3.0184101e-05,0.99995065
787,B,B,5.3124054e-06,0.9999914,3.1894092e-06
788,A,A,0.9924671,0.00020326787,0.0073296395
789,B,B,5.3232365e-05,0.9998696,7.709442e-05
790,B,B,3.502798e-05,0.99991775,4.7148696e-05
791,B,B,1.1125998e-05,0.9999839,5.0400326e-06
792,B,B,4.5816323e-05,0.999231,0.0007232184
793,B,B,4.2783854e-06,0.999995,7.2138766e-07
794,A,A,0.9943241,0.0001944287,0.005481539
795,A,A,0.9997553,0.00019926926,4.5383455e-05
796,C,C,0.0007495494,0.00021852138,0.9990319
797,A,A,0.9989436,0.00033431154,0.0007220881
798,A,A,0.99993145,6.0081795e-05,8.435999e-06
799,C,C,0.00087943533,0.004611378,0.99450916
800,B,B,5.7541358e-05,0.99993193,1.0432554e-05
801,A,A,0.999464,0.00038601158,0.00015001425
802,B,B,4.44217e-06,0.99999523,3.1955057e-07
803,C,C,3.2268505e-05,0.0006844337,0.9992834
804,C,C,7.6933524e-05,0.00017515241,0.99974793
805,C,C,1.7592583e-05,2.2381088e-05,0.99996006
806,A,A,0.9988967,0.000115488896,0.0009877983
807,B,B,3.3379096e-05,0.99995923,7.4186273e-06
808,C,C,0.00017715193,0.00015549977,0.9996674
809,B,B,1.26433815e-05,0.99707544,0.002911963
810,C,C,5.890656e-05,0.00012880543,0.9998123
811,B,B,3.5430928e-06,0.9999932,3.2232583e-06
812,B,B,2.9231205e-05,0.99995947,1.1379338e-05
813,B,B,7.9272395e-05,0.9999186,2.1739231e-06
814,B,B,9.275329e-06,0.99998987,8.932199e-07
815,A,A,0.99109286,0.0012032611,0.007703945
816,B,B,1.2954963e-05,0.99994516,4.185472e-05
817,B,B,0.00010206803,0.9998615,3.652769e-05
818,B,B,2.2407623e-06,0.9999974,3.6994254e-07
819,C,C,2.9093206e-05,4.6698104e-05,0.9999242
820,B,B,7.427421e-06,0.99999094,1.6430992e-06
821,A,A,0.9567917,0.00022004495,0.04298832
822,A,A,0.9991898,0.00033351075,0.00047665514
823,C,C,8.738126e-05,0.00011154756,0.9998011
824,C,C,0.0003267786,0.0009538683,0.99871933
825,C,C,0.000107919266,4.1321164e-05,0.99985075
826,A,A,0.9999608,1.9031113e-05,2.0119578e-05
827,C,C,0.00011877944,2.031602e-05,0.9998609
828,B,B,0.00019416444,0.9997867,1.9214014e-05
829,C,C,0.000579701,0.000138597,0.9992817
830,A,A,0.9905744,0.00064551865,0.008780046
831,C,C,3.9077964e-05,3.522322e-05,0.99992573
832,C,C,0.00034368434,0.00015568941,0.99950063
833,B,B,1.9497984e-05,0.999962,1.8489285e-05
834,C,C,7.1875306e-06,8.453512e-06,0.9999844
835,C,C,0.00011270846,6.110952e-05,0.99982625
836,B,B,6.3529313e-07,0.9999981,1.317232e-06
837,A,A,0.9997305,9.519373e-05,0.00017425566
838,B,B,4.4357853e-06,0.99999404,1.5986486e-06
839,C,C,0.000115217634,4.8235728e-05,0.99983656
840,A,A,0.9970234,0.00019171703,0.0027849025
841,A,A,0.99988043,4.4874327e-05,7.470325e-05
842,B,B,0.00020171606,0.9994578,0.00034048464
843,C,C,0.000116751224,9.063272e-05,0.99979264
844,B,B,1.2790034e-06,0.9999981,5.8954095e-07
845,B,B,0.00010186086,0.9998487,4.9321847e-05
846,C,C,6.150295e-05,0.00015593559,0.9997826
847,C,C,3.5424375e-05,4.9121452e-05,0.9999155
848,C,C,0.00016761252,9.973109e-05,0.9997327
849,C,C,1.1981265e-05,2.4068306e-05,0.999964
850,B,B,0.00018671922,0.9997812,3.2075215e-05
851,B,B,4.5305455e-06,0.9999945,1.0066318e-06
852,B,B,5.523926e-07,0.9999993,7.301599e-08
853,B,B,3.06397e-05,0.99990964,5.9678805e-05
854,A,A,0.9859481,0.012633363,0.0014185112
855,A,A,0.99957687,0.00016223526,0.00026081622
856,B,B,0.00013513648,0.999859,5.879047e-06
857,B,B,3.5137525e-06,0.99999475,1.8137807e-06
858,A,A,0.99797577,0.0004719992,0.0015523256
859,B,B,2.0269194e-05,0.99996996,9.719618e-06
860,A,A,0.9993393,0.0005196252,0.00014100791
861,C,C,0.00010936878,0.00015416765,0.9997365
862,C,C,4.3408676e-05,4.2268024e-05,0.9999143
863,C,C,0.00025148166,0.0001663648,0.9995821
864,A,A,0.9998871,9.905374e-05,1.3815485e-05
865,B,B,1.4747749e-05,0.9999734,1.17731015e-05
866,C,C,4.271361e-05,0.00012488669,0.9998324
867,A,A,0.9971085,0.0017206395,0.0011708089
868,A,A,0.9969438,0.00012863765,0.002927669
869,A,A,0.9990557,0.0001778938,0.0007663339
870,B,B,5.23032e-06,0.9999926,2.1965882e-06
871,A,A,0.9999691,1.5623704e-05,1.5287245e-05
872,B,B,1.1898519e-05,0.999987,1.0150768e-06
873,A,A,0.99615073,0.0012333174,0.0026159051
874,B,B,2.6943502e-05,0.999961,1.208702e-05
875,A,A,0.99630994,0.0035471136,0.00014288393
876,B,B,3.7864918e-06,0.9999877,8.507331e-06
877,C,C,5.6559238e-05,0.00041076852,0.9995327
878,A,A,0.9992478,0.0002060013,0.00054632494
879,B,B,5.5462565e-06,0.9999933,1.1124166e-06
880,A,A,0.99996114,3.2738793e-05,6.1202304e-06
881,B,B,6.7418773e-06,0.99997616,1.702335e-05
882,C,C,7.434369e-05,0.00028106183,0.99964464
883,B,B,1.3655847e-07,0.9999999,5.9552477e-08
884,A,A,0.9992822,0.00015496132,0.00056290085
885,B,B,2.5132842e-05,0.99997246,2.412795e-06
886,A,A,0.994925,0.0010130596,0.004061847
887,A,A,0.9999739,1.5150452e-05,1.0914793e-05
888,B,B,5.3791915e-05,0.9999101,3.6129546e-05
889,B,B,2.3556247e-06,0.9999975,9.984426e-08
890,B,B,3.4238851e-06,0.99999547,1.0462305e-06
891,C,C,1.3727729e-05,1.8852332e-05,0.99996746
892,B,B,3.743465e-05,0.9999497,1.2827042e-05
893,B,B,1.86391e-05,0.99997354,7.924526e-06
894,A,A,0.99962175,0.00018198899,0.00019629739
895,A,A,0.9997342,0.00023260392,3.310134e-05
896,C,C,9.520889e-05,0.0002496097,0.9996551
897,B,B,1.7370747e-05,0.99995697,2.5673082e-05
898,C,C,0.000289277,0.00018675327,0.999524
899,B,B,1.4594369e-06,0.9999982,3.9114016e-07
900,A,A,0.99946755,0.0004113635,0.00012108051
901,A,A,0.99971396,0.00019419755,9.1791575e-05
902,B,B,2.3574903e-07,0.99999905,7.4506835e-07
903,B,B,1.2747954e-06,0.99999845,2.4302437e-07
904,A,A,0.9989555,0.00093829614,0.000106228574
905,C,C,9.717216e-05,5.660601e-05,0.9998462
906,B,B,0.00010078063,0.9998425,5.656182e-05
907,B,B,4.440183e-06,0.99999416,1.4453365e-06
908,C,C,0.00043654465,0.00032175082,0.9992417
909,A,A,0.99983144,4.6584308e-05,0.000121959034
910,C,C,0.0001405572,0.00029049703,0.9995689
911,C,C,2.8105698e-05,4.3705295e-05,0.99992824
912,C,C,9.5113086e-05,0.00010637663,0.9997985
913,A,A,0.9989587,0.0006327036,0.0004086304
914,C,C,0.00019843456,0.00017057842,0.9996309
915,C,C,6.434642e-05,3.2295422e-05,0.9999033
916,C,C,0.00015192128,0.00020986199,0.9996382
917,A,A,0.9178591,0.0008042409,0.08133669
918,B,B,4.122069e-05,0.99781823,0.0021404398
919,C,C,2.88302e-05,4.639809e-05,0.9999248
920,A,A,0.99997747,9.632801e-06,1.28596985e-05
921,A,A,0.99988115,4.562308e-05,7.31911e-05
922,B,B,3.0082405e-05,0.9999652,4.8173174e-06
923,C,C,0.0006007826,0.00030586924,0.9990934
924,A,A,0.9998733,3.6281763e-05,9.041435e-05
925,A,A,0.9984164,0.00026433772,0.0013192632
926,C,C,8.346098e-05,9.3851835e-05,0.9998227
927,A,A,0.84721696,0.0019450749,0.15083788
928,A,A,0.9999937,3.3398603e-06,3.0209055e-06
929,B,B,8.7908875e-06,0.9998715,0.00011966711
930,B,B,2.582843e-06,0.99999356,3.815542e-06
931,A,A,0.9999312,5.0919505e-05,1.7877172e-05
932,A,A,0.9998815,6.0595343e-05,5.796049e-05
933,C,C,2.5597878e-06,5.6571425e-06,0.9999918
934,B,B,0.00013800221,0.9998398,2.212118e-05
935,C,C,7.980016e-05,6.7535824e-05,0.99985266
936,A,A,0.99982053,9.299464e-05,8.658222e-05
937,B,B,2.5088768e-06,0.99999356,3.96044e-06
938,C,C,3.1814674e-05,2.0295245e-05,0.9999479
939,B,B,7.955452e-07,0.9999989,2.0669131e-07
940,B,B,5.485251e-05,0.99981016,0.00013500801
941,C,C,0.0007034045,0.0001008576,0.99919575
942,B,B,1.7607343e-05,0.99983263,0.00014968053
943,A,A,0.9980082,0.0002574745,0.0017343359
944,C,C,2.6143687e-05,2.7281438e-05,0.9999466
945,C,C,3.0413159e-05,8.6336e-05,0.9998833
946,B,B,7.2758717e-06,0.9999857,7.079253e-06
947,B,B,5.256868e-06,0.99997735,1.7376171e-05
948,B,B,5.8168953e-06,0.9999875,6.7133765e-06
949,B,B,7.4485826e-05,0.9983754,0.0015501181
950,B,B,1.5811415e-07,0.99999976,8.3148365e-08
951,A,A,0.993159,0.005848218,0.0009928293
952,A,A,0.99986017,7.162509e-05,6.81991e-05
953,A,A,0.9998466,9.3875744e-05,5.9475955e-05
954,A,A,0.99987257,5.560582e-05,7.1738636e-05
955,B,B,4.6092413e-05,0.99992096,3.2927037e-05
956,B,B,2.6062904e-05,0.9999665,7.4106906e-06
957,C,C,9.439391e-05,0.0003127461,0.99959284
958,A,A,0.999295,0.00013240147,0.00057261816
959,C,C,2.1457035e-05,2.8668088e-05,0.9999498
960,C,C,3.515202e-05,5.982058e-05,0.999905
961,C,C,0.00090239284,0.00041060263,0.99868697
962,C,C,0.00010557395,0.000106736654,0.99978775
963,C,C,0.00013074328,7.799708e-05,0.9997913
964,C,C,0.00015090198,9.751832e-05,0.9997516
965,C,C,3.5701374e-05,7.799838e-05,0.9998863
966,B,B,5.007839e-05,0.99967134,0.00027866272
967,C,C,0.00010071204,0.004156064,0.9957432
968,A,A,0.9960692,0.0035446791,0.00038614168
969,B,B,1.4578404e-05,0.9999808,4.608811e-06
970,C,C,0.00015236424,0.00017137766,0.9996762
971,B,B,1.2542043e-05,0.9999337,5.3703385e-05
972,A,A,0.9997776,5.567551e-05,0.0001667624
973,A,A,0.9998331,0.000111887166,5.4906577e-05
974,A,A,0.9999783,5.5233277e-06,1.6163365e-05
975,C,C,4.6479814e-05,8.561732e-05,0.9998679
976,A,A,0.98510957,0.00056079926,0.014329623
977,C,C,8.802961e-06,5.3658485e-05,0.99993753
978,C,C,3.155905e-05,8.3536805e-05,0.99988484
979,A,A,0.9999778,1.28618985e-05,9.330418e-06
980,B,B,1.4181011e-05,0.99998176,3.99382e-06
981,C,C,4.9597387e-05,0.00016303973,0.9997874
982,B,B,1.5624184e-05,0.99997306,1.1332522e-05
983,A,A,0.9996815,5.908366e-05,0.00025948734
984,A,A,0.99862826,0.00031389398,0.0010578013
985,C,C,4.2624642e-06,4.8010725e-06,0.99999094
986,B,B,1.19000515e-05,0.99998426,3.811906e-06
987,A,A,0.9939155,0.00028739823,0.005797018
988,C,C,0.00040151956,0.0011032419,0.9984952
989,B,B,4.8897545e-07,0.99999785,1.6477727e-06
990,C,C,0.00020495865,0.0003212445,0.99947387
991,A,A,0.99923944,9.321613e-05,0.00066730566
992,A,A,0.9987388,0.00084446254,0.00041672893
993,A,A,0.99917185,0.00035424862,0.0004739783
994,A,A,0.99984944,4.5777266e-05,0.00010481709
995,A,A,0.94970614,0.0034052245,0.046888575
996,B,B,2.4302327e-07,0.99999964,1.2258472e-07
997,C,C,9.66177e-05,0.0001240538,0.9997793
998,A,A,0.9989157,0.0005957103,0.0004886033
999,C,C,2.7529418e-06,6.106562e-06,0.9999912
1000,C,C,1.0931867e-05,2.1788148e-05,0.99996734
1001,C,C,3.277528e-05,4.812786e-05,0.99991906
1002,A,A,0.9999554,1.8428396e-05,2.6153793e-05
1003,B,B,1.5280118e-06,0.9999974,1.0843744e-06
1004,A,A,0.999739,2.8933575e-05,0.0002320051
1005,B,B,9.86142e-07,0.99999845,6.4821705e-07
1006,A,A,0.99970955,5.7910413e-05,0.00023252478
1007,A,A,0.9999064,4.3058044e-05,5.0490442e-05
1008,B,B,5.8914782e-05,0.9999261,1.5036219e-05
1009,B,B,2.8246022e-05,0.99996376,7.9748115e-06
1010,B,B,4.997524e-05,0.9994653,0.0004848221
1011,B,B,3.166623e-05,0.99995077,1.7579656e-05
1012,C,C,2.8131237e-05,4.422129e-05,0.99992764
1013,B,B,1.6142446e-06,0.99999785,4.2250355e-07
1014,A,A,0.99998903,3.660885e-06,7.214388e-06
1015,C,C,0.00015707008,0.013302235,0.98654073
1016,C,C,9.761987e-06,1.5624624e-05,0.9999746
1017,A,A,0.9999926,4.0441223e-06,3.3722013e-06
1018,C,C,0.00020016888,0.00017291993,0.9996269
1019,C,C,3.5364174e-05,4.299231e-05,0.9999217
1020,C,C,1.575888e-05,2.8175586e-05,0.999956
1021,C,C,8.296107e-05,0.000108182554,0.99980885
1022,B,B,0.00027236514,0.9996705,5.7102112e-05
1023,A,A,0.99983704,6.499907e-06,0.00015639311
1024,C,C,2.2387276e-06,6.6893576e-06,0.99999106
1025,C,C,4.1227468e-06,1.3275622e-05,0.9999826
1026,C,C,0.00028967517,0.00025846242,0.9994518
1027,A,A,0.99930847,0.00026124375,0.00043029405
1028,B,B,6.6483364e-07,0.99999917,1.4969966e-07
1029,C,C,6.97125e-05,3.9146216e-05,0.99989116
1030,A,A,0.99968374,0.00016905472,0.00014719405
1031,A,A,0.9970878,0.00020235758,0.0027099608
1032,C,C,2.0597923e-05,5.2696647e-05,0.9999267
1033,A,A,0.9997979,1.1088023e-05,0.00019109655
1034,B,B,0.00010240286,0.9995414,0.00035622038
1035,A,A,0.9999777,1.3698027e-05,8.5374395e-06
1036,A,A,0.9982748,0.00051283406,0.0012123609
1037,B,B,0.00013212362,0.99985564,1.2305934e-05
1038,B,B,5.6017616e-06,0.9999844,9.996662e-06
1039,C,C,9.295093e-05,6.446903e-05,0.9998425
1040,C,C,9.2078655e-05,6.12188e-05,0.9998467
1041,B,B,2.4653082e-05,0.99989736,7.801315e-05
1042,A,A,0.99841106,0.0005784504,0.0010104488
1043,C,C,3.4463403e-05,0.0005477626,0.9994178
1044,C,C,0.00026217217,0.00017786042,0.99955994
1045,B,B,6.9658677e-06,0.99999094,2.1211636e-06
1046,C,C,0.00031381706,0.00029771845,0.99938846
1047,B,B,0.00010509624,0.99984455,5.0306604e-05
1048,A,A,0.9990402,1.27493295e-05,0.00094698416
1049,A,A,0.9999716,1.0328899e-05,1.801502e-05
1050,B,B,2.4304642e-05,0.999966,9.641137e-06
1051,C,C,3.296027e-05,8.719027e-05,0.99987984
1052,C,C,8.2536855e-05,0.00013491882,0.9997825
1053,C,C,2.7745704e-05,4.0706956e-05,0.9999316
1054,A,A,0.999553,0.0002444307,0.00020255709
1055,B,B,4.400785e-06,0.99999356,1.9831202e-06
1056,A,A,0.99859995,0.00050943915,0.00089071016
1057,C,C,0.0002074282,0.00044092198,0.9993517
1058,B,B,1.1396152e-05,0.99996173,2.6869722e-05
1059,C,C,2.9948775e-05,7.4784126e-05,0.9998952
1060,B,B,0.000110023575,0.999689,0.00020103496
1061,C,C,0.00027297635,4.5510293e-05,0.9996815
1062,A,A,0.99968755,3.1189327e-05,0.00028122432
1063,B,B,2.6706387e-06,0.9999913,6.112552e-06
1064,B,B,0.0002325661,0.99973756,2.9885054e-05
1065,C,C,4.4020686e-05,9.950877e-05,0.9998565
1066,C,C,4.426254e-05,0.00021347303,0.9997422
1067,C,C,4.8407583e-05,6.1393e-05,0.9998902
1068,B,B,1.5346623e-06,0.99999726,1.1385994e-06
1069,C,C,1.613922e-05,3.949276e-05,0.9999443
1070,B,B,0.000112366964,0.99964046,0.0002471436
1071,B,B,8.141548e-09,1.0,3.8549897e-09
1072,A,A,0.9999709,1.4680609e-05,1.439894e-05
1073,B,B,7.816285e-06,0.9999914,7.480772e-07
1074,C,C,0.00014852275,5.6412136e-05,0.99979514
1075,A,A,0.9988661,6.5377164e-05,0.0010685575
1076,B,B,4.6213172e-05,0.99985385,9.988358e-05
1077,A,A,0.9999565,1.1154632e-05,3.225454e-05
1078,A,A,0.99854386,0.00028885916,0.0011673063
1079,A,A,0.9991424,0.00055653695,0.00030092517
1080,C,C,6.582419e-06,2.1880607e-05,0.9999715
1081,B,B,0.00010300886,0.99948514,0.00041182095
1082,C,C,9.759996e-05,4.1623116e-05,0.99986076
1083,A,A,0.99362767,0.0051327823,0.0012395832
1084,B,B,0.0013933984,0.9985001,0.00010653922
1085,B,B,9.975365e-06,0.99998593,4.032653e-06
1086,A,A,0.99993074,3.0381556e-05,3.8814083e-05
1087,B,B,0.0003646266,0.9973959,0.002239514
1088,B,B,0.00027507098,0.9996617,6.3303865e-05
1089,C,C,9.334389e-05,4.1598927e-05,0.99986506
1090,B,B,1.4801387e-07,0.9999999,3.8313654e-08
1091,B,B,2.447986e-07,0.99999976,3.9523748e-08
1092,C,C,1.6174356e-05,2.776486e-05,0.999956
1093,A,A,0.99995196,2.423833e-05,2.386642e-05
1094,B,B,4.362879e-05,0.99983656,0.0001197305
1095,A,A,0.9986572,6.475385e-05,0.0012779812
1096,C,C,8.706791e-05,0.0001289639,0.99978393
1097,B,B,2.4089491e-05,0.99960417,0.00037177926
1098,B,B,0.000101838436,0.9997124,0.0001856464
1099,B,B,4.9783193e-05,0.9999399,1.0256945e-05
1100,A,A,0.99835455,0.0012522009,0.00039317377
1101,C,C,3.3062595e-05,4.600765e-05,0.99992096
1102,B,B,1.2267336e-05,0.9999833,4.462949e-06
1103,A,A,0.9977501,0.0008497893,0.0014000465
1104,A,A,0.99965084,0.00012948402,0.00021963318
1105,A,A,0.99978274,0.00019570834,2.1529635e-05
1106,C,C,1.5749527e-05,2.7709375e-05,0.9999565
1107,A,A,0.99921596,0.00015876045,0.0006251815
1108,A,A,0.9993438,0.00041949097,0.00023676729
1109,C,C,4.965329e-05,0.00024369475,0.99970657
1110,C,C,0.0012452657,0.00064066413,0.9981141
1111,B,B,4.339298e-05,0.99989593,6.0655424e-05
1112,C,C,3.6785834e-05,3.7578688e-05,0.9999256
1113,A,A,0.9998772,9.01518e-06,0.000113750655
1114,C,C,0.000158614,9.4305804e-05,0.9997471
1115,A,C,0.21600896,0.00037273197,0.7836184
1116,B,B,4.84299e-06,0.9999883,6.7437595e-06
1117,C,C,4.983222e-05,0.0013109605,0.99863917
1118,C,C,8.449003e-06,1.3279757e-05,0.9999783
1119,B,B,4.34355e-05,0.99995506,1.5912702e-06
1120,B,B,1.4184264e-08,1.0,6.43065e-09
1121,C,C,8.8494824e-05,2.5167177e-05,0.9998863
1122,A,A,0.999736,0.00022182733,4.2154425e-05
1123,C,C,0.00010186606,0.00014045482,0.9997577
1124,A,A,0.98867935,0.010579093,0.0007415515
1125,B,B,4.7086127e-05,0.9995493,0.00040355968
1126,B,B,4.841303e-05,0.999895,5.6674566e-05
1127,C,C,2.497096e-05,9.004814e-05,0.99988496
1128,A,A,0.65253425,0.00028810068,0.34717762
1129,B,B,1.05300305e-05,0.9999871,2.4435153e-06
1130,A,A,0.9992094,0.00032367252,0.0004668963
1131,B,B,2.009602e-08,1.0,3.0834533e-09
1132,A,A,0.99969983,0.00011098366,0.00018921623
1133,C,C,7.3318864e-05,7.993914e-05,0.9998467
1134,A,A,0.99962735,8.970993e-06,0.00036367
1135,A,A,0.9998223,0.00013230582,4.543171e-05
1136,C,C,5.4899483e-06,7.917393e-06,0.99998665
1137,B,B,5.8918454e-06,0.99998796,6.1665746e-06
1138,B,B,1.0708965e-05,0.9999801,9.123639e-06
1139,B,B,5.4034354e-07,0.99999917,2.7941454e-07
1140,A,A,0.99840826,0.00026908785,0.0013227
1141,C,C,0.00025485677,8.3543004e-05,0.99966156
1142,C,C,3.6534384e-05,0.00010659164,0.9998568
1143,B,B,1.5235381e-05,0.9999821,2.5981924e-06
1144,B,B,3.7516573e-05,0.9998832,7.927654e-05
1145,A,A,0.99837446,0.0002771115,0.0013484239
1146,C,C,3.084933e-05,2.1751484e-05,0.9999474
1147,B,B,3.4842174e-06,0.9999956,9.4754347e-07
1148,B,B,9.606982e-07,0.9999987,3.8847418e-07
1149,C,C,8.645525e-06,6.806513e-05,0.9999232
1150,C,C,0.00025252733,3.8500144e-05,0.99970895
1151,B,B,0.00026456433,0.9995925,0.00014299572
1152,B,B,6.32391e-07,0.99999905,3.0208426e-07
1153,B,B,1.1969234e-05,0.999977,1.1135028e-05
1154,B,B,2.1222643e-06,0.9999975,3.3633643e-07
1155,B,B,1.42304625e-05,0.99996006,2.5776642e-05
1156,A,A,0.9996197,8.3536e-05,0.0002967557
1157,A,A,0.9992448,0.000115227536,0.00063998305
1158,C,C,5.6219294e-05,6.807546e-05,0.99987566
1159,B,B,0.00023030268,0.9996069,0.0001628102
1160,C,C,0.0011735832,4.6041507e-05,0.9987804
1161,C,C,0.0005264849,0.0004639779,0.9990095
1162,C,C,7.9205456e-05,6.86814e-05,0.99985206
1163,A,A,0.99611086,0.0034015481,0.00048752673
1164,B,B,1.3524333e-05,0.9999813,5.2957653e-06
1165,A,A,0.9999523,5.3310414e-06,4.2296248e-05
1166,A,A,0.97031075,0.0051026195,0.024586627
1167,C,C,1.1245585e-05,1.5980988e-05,0.9999728
1168,A,A,0.99812526,0.000101156984,0.0017735539
1169,B,B,8.347928e-05,0.99986744,4.9078026e-05
1170,B,B,7.168949e-05,0.99983466,9.370728e-05
1171,C,C,2.0851909e-05,3.2868884e-05,0.99994624
1172,B,B,2.6551083e-05,0.9999627,1.071167e-05
1173,B,B,1.6181348e-05,0.99943095,0.00055286085
1174,A,A,0.9998528,7.543894e-05,7.171157e-05
1175,B,B,4.2643046e-06,0.9999895,6.139573e-06
1176,B,B,4.5469456e-05,0.9999291,2.5545296e-05
1177,C,C,5.170885e-05,0.00014942887,0.99979883
1178,C,C,5.3494994e-05,4.5929035e-05,0.9999006
1179,B,B,0.00015021632,0.99846315,0.0013866188
1180,B,B,7.906464e-05,0.99989605,2.4909918e-05
1181,B,B,2.624866e-05,0.9999635,1.02176655e-05
1182,C,C,2.4314979e-05,0.00047314705,0.99950254
1183,C,C,1.4641529e-05,2.5064628e-05,0.9999603
1184,A,A,0.99944824,0.00045118763,0.000100571844
1185,A,A,0.9998548,8.311266e-05,6.21146e-05
1186,C,C,0.00030294628,0.00016766188,0.99952936
1187,B,B,0.00019563163,0.9997634,4.1005325e-05
1188,C,C,0.00014526732,0.00026745236,0.99958724
1189,C,C,2.2055223e-05,1.52130315e-05,0.9999627
1190,B,B,3.655127e-08,1.0,6.3817747e-09
1191,B,B,3.745322e-06,0.99999595,3.3303942e-07
1192,C,C,0.000108287764,0.00013799166,0.9997538
1193,C,C,2.3385523e-05,3.6992715e-05,0.99993956
1194,B,B,6.741091e-06,0.9999902,3.0031317e-06
1195,B,B,0.00011596637,0.9989856,0.0008984158
1196,B,B,2.7642616e-06,0.9999957,1.5252939e-06
1197,B,B,2.0115654e-05,0.9999784,1.4328358e-06
1198,A,A,0.9998971,5.655089e-05,4.632602e-05
1199,B,B,1.8055005e-05,0.9999782,3.854819e-06
1200,B,B,9.198314e-05,0.99983597,7.195403e-05
1201,C,C,5.4293247e-05,0.000100197496,0.9998455
1202,A,A,0.9995271,4.1865398e-05,0.00043107293
1203,B,B,1.2309979e-05,0.9999801,7.5884727e-06
1204,B,B,0.0018866849,0.9686686,0.029444698
1205,A,A,0.999767,7.8297155e-05,0.00015465742
1206,A,A,0.9975466,0.00030515433,0.0021482853
1207,A,A,0.9987514,0.00013993902,0.0011086384
1208,C,C,6.0861854e-05,7.124041e-05,0.9998679
1209,C,C,4.2355583e-05,6.826694e-05,0.9998894
1210,B,B,9.403477e-06,0.9999784,1.2105757e-05
1211,C,C,1.0488161e-05,1.4383108e-05,0.9999751
1212,A,A,0.98748034,0.0009390017,0.011580592
1213,B,B,4.0861953e-05,0.99994016,1.8999095e-05
1214,C,C,0.00012857275,0.00032415177,0.9995473
1215,B,B,2.5838347e-06,0.9999969,5.361052e-07
1216,C,C,0.00046103648,0.00010373706,0.99943525
1217,A,A,0.99929655,0.00031367238,0.00038972657
1218,A,A,0.999985,3.1457262e-06,1.191347e-05
1219,B,B,3.9048323e-06,0.9999857,1.0408567e-05
1220,C,C,2.1039876e-05,3.4770666e-05,0.9999442
1221,A,A,0.998662,0.00018608717,0.0011519642
1222,B,B,2.5207766e-05,0.99963427,0.0003405152
1223,C,C,9.3501476e-05,0.00010848047,0.999798
1224,A,A,0.9998777,8.5159765e-05,3.7190068e-05
1225,A,A,0.99993646,2.8731805e-05,3.4799454e-05
1226,A,A,0.9992317,0.00014215549,0.00062617357
1227,B,B,2.4101619e-05,0.99990714,6.873925e-05
1228,B,B,1.1558168e-06,0.9999987,1.2492312e-07
1229,A,A,0.9999622,2.413202e-05,1.3737296e-05
1230,B,B,2.665352e-07,0.99999964,1.203438e-07
1231,C,C,9.237195e-06,1.8007018e-05,0.9999727
1232,C,C,0.0022555024,0.0001455104,0.99759895
1233,A,A,0.9996594,0.00022595188,0.00011465282
1234,A,A,0.99804187,0.0012737623,0.00068437157
1235,C,C,3.486284e-05,3.7150676e-05,0.999928
1236,B,B,1.2129466e-06,0.99999857,2.4490316e-07
1237,A,A,0.99921656,3.251743e-05,0.00075084885
1238,B,B,1.9635843e-05,0.9999541,2.6269146e-05
1239,B,B,2.3673316e-05,0.9999429,3.3381068e-05
1240,C,C,0.00021207472,0.00016596116,0.999622
1241,C,C,5.8305435e-05,4.7811183e-05,0.9998939
1242,C,C,1.0400364e-05,9.422776e-06,0.9999802
1243,A,A,0.9936488,0.0011511395,0.005199993
1244,A,A,0.99994564,1.4055648e-05,4.0298015e-05
1245,A,A,0.9997919,6.522605e-05,0.00014292457
1246,C,C,7.502887e-06,1.1762043e-05,0.9999807
1247,C,C,0.00011239631,0.00024642123,0.9996412
1248,C,C,3.606534e-05,5.008681e-05,0.9999138
1249,A,A,0.9967078,0.0027377068,0.00055446126
1250,B,B,1.9012597e-05,0.9999697,1.1383297e-05
1251,A,A,0.9996257,0.00019622553,0.00017807477
1252,C,C,8.5520805e-05,4.2341602e-05,0.9998721
1253,C,C,5.0936134e-05,3.558249e-05,0.99991345
1254,A,A,0.9993592,3.4985453e-05,0.00060574117
1255,B,B,1.331368e-05,0.99993944,4.7233385e-05
1256,A,A,0.99997354,1.07209125e-05,1.5675621e-05
1257,A,A,0.999516,2.7443652e-05,0.000456591
1258,C,C,3.6067966e-05,5.738684e-05,0.99990654
1259,C,C,0.00040703415,0.000103973616,0.99948895
1260,A,A,0.9890267,0.00034950327,0.01062386
1261,A,A,0.99802893,0.00019178927,0.0017792798
1262,C,C,4.4429962e-05,6.964529e-05,0.9998859
1263,A,A,0.99981326,0.00010220657,8.455818e-05
1264,A,A,0.9995394,6.930674e-05,0.00039126698
1265,A,A,0.6825473,0.2240447,0.09340797
1266,B,B,0.00021497702,0.9994892,0.00029584102
1267,A,A,0.9998356,0.00015816111,6.174273e-06
1268,A,A,0.9835317,0.00020515572,0.016263125
1269,B,B,2.236706e-05,0.99988055,9.698182e-05
1270,A,A,0.999997,9.760246e-07,2.0621042e-06
1271,A,A,0.9996172,0.00018528983,0.00019740485
1272,A,A,0.99924976,0.00025105948,0.00049907627
1273,A,A,0.9781833,0.001617231,0.020199347
1274,B,B,8.959454e-06,0.9998833,0.00010774189
1275,A,A,0.9999466,1.3537864e-05,3.9785213e-05
1276,A,A,0.999703,7.84043e-05,0.00021859875
1277,C,C,0.0017326467,0.00027713674,0.99799025
1278,C,C,3.4574612e-05,3.751954e-05,0.9999279
1279,B,B,0.00010462758,0.9997478,0.00014758047
1280,C,C,2.8323308e-05,1.25249335e-05,0.9999591
1281,B,B,3.7387908e-06,0.99999106,5.212739e-06
1282,B,B,0.00011798993,0.9990288,0.0008531291
1283,A,A,0.9976464,2.9748886e-05,0.0023239204
1284,A,A,0.9994294,0.00043966042,0.00013090251
1285,A,A,0.9993498,0.0005906367,5.9581886e-05
1286,A,A,0.99996865,1.9872821e-05,1.1401417e-05
1287,C,C,6.2176245e-05,0.00020497988,0.9997328
1288,A,A,0.99981445,0.0001273499,5.8228958e-05
1289,C,C,1.1591944e-05,1.334777e-05,0.9999751
1290,C,C,8.751437e-05,8.5627194e-05,0.99982685
1291,C,C,4.0210227e-05,3.39236e-05,0.99992585
1292,A,A,0.99891937,0.00040644233,0.0006741763
1293,B,B,8.534515e-05,0.9995499,0.0003647091
1294,B,B,1.4738524e-06,0.9999976,9.579215e-07
1295,A,A,0.9954234,0.000107197804,0.0044694943
1296,A,A,0.99997807,9.637972e-06,1.22390875e-05
1297,B,B,1.9758312e-07,0.99999964,1.0245854e-07
1298,A,A,0.9962604,0.00020546262,0.0035341436
1299,B,B,4.5929155e-05,0.9999013,5.2812484e-05
1300,C,C,4.1237185e-05,1.8600549e-05,0.99994016
1301,A,A,0.9999875,5.9254153e-06,6.597349e-06
1302,A,A,0.9992593,0.00047793667,0.00026276804
1303,B,B,1.1736911e-06,0.99999845,4.043141e-07
1304,A,A,0.9997706,0.00017523875,5.427111e-05
1305,C,C,0.00027295633,0.00036302785,0.9993641
1306,B,B,0.00023844682,0.9873677,0.012393864
1307,A,A,0.9999865,8.0557065e-06,5.3285703e-06
1308,C,C,2.4375406e-05,2.8086923e-05,0.99994755
1309,C,C,0.021337442,0.0005041657,0.97815835
1310,A,A,0.9272601,0.07241916,0.000320629
1311,A,A,0.9999839,6.5180207e-06,9.536157e-06
1312,B,B,3.8797384e-06,0.99999404,2.0094349e-06
1313,B,B,1.9923758e-05,0.99996495,1.5083079e-05
1314,A,A,0.9920747,0.0014053459,0.006519952
1315,B,B,3.371486e-05,0.9999602,6.025282e-06
1316,A,A,0.9996815,3.462056e-05,0.00028383863
1317,A,A,0.9995378,0.00012194241,0.00034026132
1318,B,B,9.298146e-06,0.99998546,5.2152204e-06
1319,B,B,0.0002672271,0.99771047,0.002022219
1320,C,C,8.706791e-05,0.0001289639,0.99978393
1321,A,A,0.9997805,6.086373e-05,0.00015860568
1322,C,C,1.7882414e-05,2.8550952e-05,0.9999535
1323,A,A,0.99567187,0.0036982636,0.0006299636
1324,B,B,2.2104234e-07,0.9999995,2.43451e-07
1325,A,A,0.9582014,0.00027368558,0.041524835
1326,C,C,6.194384e-05,3.6222606e-05,0.9999018
1327,A,A,0.88085395,0.000394518,0.118751585
1328,B,B,4.1741902e-07,0.9999994,1.2011834e-07
1329,A,A,0.9969868,0.0006802046,0.0023329724
1330,B,B,1.665394e-05,0.99995244,3.090782e-05
1331,B,B,0.00016300844,0.99981195,2.5055868e-05
1332,B,B,0.00010888567,0.99984896,4.2089767e-05
1333,B,B,0.022227805,0.9760395,0.0017326107
1334,C,C,1.2884058e-05,4.8371672e-05,0.9999387
1335,C,C,0.032507155,0.000622171,0.9668707
1336,C,C,0.00026141066,0.00016366945,0.99957496
1337,A,A,0.99926394,0.00037888103,0.000357079
1338,A,A,0.99983835,2.4677194e-05,0.00013691476
1339,A,A,0.99998116,1.0542236e-05,8.391771e-06
1340,C,C,7.656379e-06,0.00027579794,0.9997166
1341,C,C,0.00013543904,7.129061e-05,0.99979323
1342,B,B,4.4231547e-05,0.99990964,4.6101475e-05
1343,C,C,2.086772e-05,4.3579665e-05,0.9999355
1344,A,A,0.9999113,5.505607e-05,3.3592667e-05
1345,A,A,0.9996511,0.00023560916,0.00011335656
1346,A,A,0.99649626,0.00069239805,0.0028113148
1347,B,B,5.3355732e-05,0.99993944,7.203938e-06
1348,C,C,0.00018799695,0.0001023374,0.99970967
1349,A,A,0.9991167,0.000107270964,0.000775973
1350,C,C,5.52554e-05,0.00012544692,0.99981934
1351,B,B,2.9865737e-06,0.9999927,4.3302407e-06
1352,A,A,0.9999119,5.8124493e-05,2.9963358e-05
1353,A,A,0.9493218,0.05044815,0.0002301184
1354,A,A,0.989002,0.0010302089,0.009967821
1355,B,B,7.099726e-05,0.99991465,1.4317248e-05
1356,C,C,0.00026351138,0.0012782483,0.99845827
1357,C,C,9.144947e-06,1.6389773e-05,0.9999745
1358,B,B,0.0001515616,0.9997178,0.00013057716
1359,A,A,0.9995384,7.702383e-05,0.00038462845
1360,A,A,0.97569376,0.0004550343,0.023851257
1361,B,B,0.0003193398,0.99937516,0.00030553414
1362,C,C,3.1388252e-05,4.5079403e-05,0.99992347
1363,C,C,0.0010825533,0.00041048945,0.99850696
1364,B,B,1.6964243e-07,0.9999999,4.660653e-08
1365,C,C,0.00018444935,0.0001756954,0.99963987
1366,C,C,1.3932277e-05,2.3475151e-05,0.99996257
1367,B,B,1.8068247e-05,0.9999597,2.220877e-05
1368,B,B,0.00015813505,0.99936193,0.00048000805
1369,A,A,0.99993706,4.2745138e-05,2.0188409e-05
1370,B,B,6.1606934e-06,0.9999732,2.06553e-05
1371,B,B,7.342136e-06,0.9999882,4.4472044e-06
1372,C,C,0.00013867488,9.1492824e-05,0.99976987
1373,A,A,0.9954521,0.00058048504,0.0039673834
1374,A,A,0.9998965,8.454035e-06,9.505712e-05
1375,C,C,4.881151e-05,9.6897274e-05,0.9998543
1376,B,B,2.682272e-06,0.9999968,4.591072e-07
1377,C,C,7.746518e-05,0.00018095798,0.9997416
1378,A,A,0.99932647,0.00015215254,0.0005214046
1379,B,B,6.7213026e-05,0.9999176,1.50793585e-05
1380,B,B,0.0008027643,0.99132895,0.00786822
1381,A,A,0.9999074,4.042434e-05,5.221534e-05
1382,B,B,4.864634e-06,0.99999,5.0938743e-06
1383,B,B,9.336659e-06,0.99991405,7.6685435e-05
1384,A,A,0.99628687,0.0011358312,0.002577227
1385,A,A,0.9990038,0.00033566548,0.0006604362
1386,B,B,8.249435e-05,0.99989676,2.0769112e-05
1387,A,A,0.9987925,5.7313064e-05,0.0011501882
1388,B,B,7.590307e-07,0.9999982,1.0720731e-06
1389,B,B,2.9291732e-05,0.999969,1.6280892e-06
1390,B,B,0.00043938763,0.99942386,0.00013683281
1391,A,A,0.99997246,1.5765318e-05,1.1817816e-05
1392,A,A,0.99958926,0.00019284719,0.00021791806
1393,C,C,5.403909e-05,9.677331e-05,0.9998492
1394,A,A,0.99503434,0.00068104744,0.0042845956
1395,B,B,6.761181e-05,0.9999186,1.38858495e-05
1396,C,C,2.056957e-05,0.0002504195,0.999729
1397,A,A,0.99814534,0.000100746576,0.0017538974
1398,B,B,3.4842888e-06,0.99999416,2.3394261e-06
1399,A,A,0.9932185,0.006639291,0.00014218989
1400,A,A,0.99738735,0.0009775622,0.0016350747
1401,A,A,0.9978721,0.0011067195,0.0010211711
1402,B,B,7.810772e-05,0.9999119,9.999293e-06
1403,C,C,5.1526782e-05,0.00015983862,0.9997887
1404,B,B,0.000452253,0.9995141,3.3601907e-05
1405,C,C,4.486665e-05,0.000178008,0.99977714
1406,A,A,0.9908736,0.00012532386,0.009001075
1407,C,C,1.0420359e-05,1.889332e-05,0.9999707
1408,B,B,3.7401144e-06,0.99999213,4.202754e-06
1409,C,C,5.4307322e-05,0.00025290815,0.9996928
1410,A,A,0.9999728,1.0306536e-05,1.690221e-05
1411,C,C,6.5233035e-05,5.098857e-05,0.9998838
1412,A,A,0.98336095,0.005324111,0.011314864
1413,C,C,7.4927e-05,6.385248e-05,0.99986124
1414,C,C,0.000120772784,0.00025274957,0.9996264
1415,C,C,0.0001845507,0.000167973,0.9996475
1416,A,A,0.99955803,0.00013170353,0.0003102423
1417,B,B,3.1730957e-05,0.9998802,8.813886e-05
1418,C,C,7.1815e-05,0.0023790176,0.9975491
1419,A,A,0.9934861,0.0050912364,0.0014226905
1420,C,C,4.9878847e-05,6.0031714e-05,0.9998901
1421,A,A,0.99889886,0.00023145888,0.0008696267
1422,C,C,0.00072519894,0.00020090149,0.99907386
1423,C,C,2.8962155e-05,3.4509387e-05,0.9999366
1424,A,A,0.9999827,6.857227e-06,1.0421061e-05
1425,A,A,0.99986875,7.418972e-05,5.715288e-05
1426,B,B,0.000104774466,0.99986994,2.5273966e-05
1427,A,A,0.9997209,6.095641e-05,0.00021816093
1428,B,B,2.2319773e-06,0.99999726,4.433598e-07
1429,B,B,7.424112e-07,0.9999988,4.2663837e-07
1430,C,C,2.1185697e-05,1.6171316e-05,0.9999627
1431,C,C,0.0001714438,0.0001450616,0.9996835
1432,C,C,0.00028322154,0.00031656906,0.99940026
1433,C,C,0.00011123669,0.00029013137,0.9995987
1434,B,B,1.7130988e-05,0.9999801,2.7318058e-06
1435,C,C,3.805599e-05,3.7601723e-05,0.9999243
1436,A,A,0.99977833,8.9603134e-05,0.00013205344
1437,B,B,1.1481475e-05,0.9999801,8.42497e-06
1438,A,A,0.99971145,0.00024357675,4.496792e-05
1439,A,A,0.99954337,2.3781433e-05,0.00043274197
1440,A,A,0.9997987,9.734108e-05,0.00010395299
1441,B,B,0.00015327765,0.99930096,0.0005456838
1442,B,B,8.69086e-06,0.9999893,2.0768507e-06
1443,B,B,0.000137544,0.99899787,0.0008645956
1444,B,B,6.88942e-05,0.9998871,4.3943888e-05
1445,A,A,0.9872804,0.0009808883,0.0117387
1446,A,A,0.9995623,0.00040567256,3.194933e-05
1447,C,C,9.370527e-06,1.6736565e-05,0.9999739
1448,C,C,1.0744532e-05,1.7081422e-05,0.9999722
1449,C,C,3.4172397e-06,7.939859e-06,0.9999887
1450,A,A,0.9999732,1.0339116e-05,1.6419415e-05
1451,B,B,1.405387e-05,0.9999765,9.398778e-06
1452,A,A,0.99996126,1.8068307e-05,2.067977e-05
1453,C,C,9.2239956e-05,0.00027906115,0.99962866
1454,B,B,7.181107e-06,0.9999924,4.958376e-07
1455,A,A,0.9999827,8.964517e-06,8.3555215e-06
1456,A,A,0.9997949,6.17856e-05,0.00014338591
1457,A,A,0.9996352,0.0001973062,0.00016741041
1458,C,C,0.0006128753,8.089217e-05,0.9993062
1459,B,B,4.3587477e-07,0.9999994,6.984479e-08
1460,B,B,1.01062284e-07,0.9999999,4.482807e-08
1461,A,A,0.99995935,3.4088804e-05,6.5230593e-06
1462,B,B,1.8505768e-06,0.9999933,4.752278e-06
1463,C,C,2.7794997e-05,2.3314347e-05,0.99994886
1464,B,B,8.808733e-06,0.99998546,5.68155e-06
1465,C,C,5.4680626e-05,5.0181112e-05,0.9998951
1466,A,A,0.99956256,0.0002995582,0.00013791566
1467,B,B,4.691959e-05,0.99992096,3.208925e-05
1468,A,A,0.99988604,6.7719826e-05,4.6227266e-05
1469,C,C,1.7119755e-05,1.2016959e-05,0.9999709
1470,C,C,0.0001795131,0.00024679216,0.99957365
1471,B,B,1.1938595e-05,0.9999707,1.7402686e-05
1472,B,B,2.3777608e-05,0.99997365,2.6601672e-06
1473,C,C,3.9838877e-05,6.5687964e-05,0.9998945
1474,B,B,4.195806e-05,0.99995065,7.410842e-06
1475,B,B,8.3840476e-08,0.99999976,9.073067e-08
1476,A,A,0.9998623,3.4933833e-05,0.00010273668
1477,B,B,1.0495322e-05,0.9965229,0.0034667251
1478,C,C,0.0005137657,9.007291e-05,0.9993962
1479,B,B,1.1755221e-06,0.9999981,6.637072e-07
1480,C,C,3.6222067e-05,3.2018066e-05,0.9999318
1481,B,B,2.3297968e-08,1.0,6.2617667e-09
1482,A,A,0.9777794,0.00069554045,0.021525102
1483,A,A,0.9997465,5.5097415e-05,0.00019847037
1484,C,C,7.93953e-06,1.517398e-05,0.9999769
1485,B,B,3.1006308e-05,0.9999629,6.097794e-06
1486,A,A,0.99994946,6.889708e-06,4.3636668e-05
1487,C,C,7.177965e-05,0.0001487946,0.9997794
1488,C,C,1.8585763e-05,2.0119645e-05,0.99996126
1489,B,B,5.379741e-07,0.9999989,5.0076795e-07
1490,B,B,8.121228e-05,0.9996049,0.0003138967
1491,A,A,0.9929893,0.00016134123,0.0068493714
1492,B,B,6.7529127e-06,0.99998856,4.695967e-06
1493,C,C,8.018976e-06,2.2635444e-05,0.99996936
1494,A,A,0.9998807,6.343631e-05,5.5940673e-05
1495,A,A,0.9999403,1.907413e-05,4.0652067e-05
1496,A,A,0.98680997,0.012908028,0.00028193966
1497,B,B,8.8481653e-07,0.9999988,3.8976006e-07
1498,A,A,0.9994703,0.00015029343,0.00037945632
1499,A,A,0.9998264,7.4429e-05,9.926891e-05
1500,C,C,5.0556537e-05,4.2307285e-05,0.99990714
1501,B,B,9.753972e-06,0.9999677,2.2510398e-05
1502,C,C,5.8195405e-05,0.0002421772,0.9996997
1503,A,A,0.9993856,0.00040368063,0.00021076799
1504,A,A,0.92055357,0.0009804883,0.07846589
1505,B,B,2.4893265e-05,0.99995303,2.2069653e-05
1506,A,A,0.9914737,0.00028802542,0.008238306
1507,A,A,0.99997926,9.5678415e-06,1.1255345e-05
1508,B,B,3.896177e-06,0.99998677,9.283689e-06
1509,B,B,1.0135465e-05,0.99998844,1.4408291e-06
1510,C,C,1.2811847e-06,3.7339844e-06,0.999995
1511,B,B,6.919013e-06,0.9999919,1.1681692e-06
1512,C,C,2.3466997e-05,4.1926305e-05,0.99993455
1513,B,B,2.2396218e-06,0.9999975,2.5330593e-07
1514,B,B,2.8863285e-06,0.9999908,6.3469715e-06
1515,B,B,1.0078113e-05,0.99998426,5.6082763e-06
1516,A,A,0.9999,7.2152216e-05,2.784925e-05
1517,B,B,1.3868974e-05,0.99998045,5.731732e-06
1518,B,B,9.962362e-06,0.99998915,8.58474e-07
1519,A,A,0.9998851,1.5924135e-05,9.891883e-05
1520,C,C,1.70091e-05,6.877023e-05,0.99991417
1521,B,B,3.2893833e-05,0.999961,6.0265916e-06
1522,B,B,0.0035155835,0.996387,9.7457065e-05
1523,C,C,1.38819705e-05,3.78957e-05,0.99994826
1524,B,B,3.909645e-06,0.9999957,2.9838426e-07
1525,B,B,5.9173435e-06,0.99999285,1.1581977e-06
1526,A,A,0.99895465,1.6515423e-05,0.0010287691
1527,B,B,2.2813126e-06,0.99999654,1.2005404e-06
1528,A,A,0.99929273,0.00013168415,0.0005755733
1529,C,C,1.26867535e-05,1.2345432e-05,0.99997497
1530,C,C,0.00016194656,0.000233099,0.999605
1531,A,A,0.99977714,0.00013203677,9.080408e-05
1532,C,C,0.000112478316,7.498683e-05,0.99981254
1533,A,A,0.999899,4.98664e-05,5.112656e-05
1534,B,B,1.1968583e-05,0.99998355,4.4946646e-06
1535,A,A,0.9956564,0.0038153448,0.0005282619
1536,A,A,0.9992643,0.00041752076,0.00031817055
1537,A,A,0.9997998,0.00010110747,9.9109995e-05
1538,B,B,4.9751866e-06,0.9999938,1.2372615e-06
1539,B,B,2.0492704e-05,0.99997616,3.391665e-06
1540,A,A,0.9703739,0.00017249395,0.029453639
1541,C,C,0.07813386,0.0002770229,0.9215891
1542,B,B,2.978069e-07,0.99999964,1.5506761e-07
1543,C,C,0.00021998692,0.00020986695,0.9995702
1544,C,C,6.0981503e-05,6.695547e-05,0.9998721
1545,C,C,0.00015425902,8.6994834e-05,0.9997588
1546,B,B,1.6932272e-05,0.99997985,3.2655664e-06
1547,A,A,0.9916898,0.0071275285,0.0011826911
1548,A,A,0.9991003,9.888098e-05,0.0008008
1549,C,C,0.00010968794,0.00017334287,0.99971694
1550,C,C,2.7130372e-05,3.8047318e-05,0.9999348
1551,B,B,4.0842297e-05,0.9999224,3.6682963e-05
1552,A,A,0.99913883,0.000120146855,0.00074093573
1553,C,C,2.025551e-05,3.5613797e-05,0.9999441
1554,C,C,0.000550806,0.000109321845,0.9993399
1555,A,A,0.999933,2.2141223e-05,4.4787794e-05
1556,B,B,8.377618e-07,0.9999988,3.3686686e-07
1557,A,A,0.998447,0.00065027486,0.0009027845
1558,C,C,3.3269218e-05,9.1804526e-05,0.99987495
1559,B,B,5.4181105e-06,0.99999,4.596125e-06
1560,A,A,0.9999474,3.5337842e-05,1.7230077e-05
1561,B,B,5.2237615e-06,0.999992,2.7004442e-06
1562,C,C,1.8982166e-05,3.205662e-05,0.999949
1563,B,B,1.1440029e-06,0.99999785,9.67828e-07
1564,A,A,0.9998791,1.5427546e-05,0.00010547199
1565,B,B,5.4226707e-06,0.999992,2.6686776e-06
1566,B,B,1.2244645e-06,0.99999774,1.075372e-06
1567,B,B,7.0007127e-06,0.99998343,9.578892e-06
1568,B,B,7.944075e-06,0.99996364,2.831582e-05
1569,B,B,2.4656578e-05,0.9999515,2.3836632e-05
1570,C,C,9.793291e-06,6.9485177e-06,0.9999833
1571,C,C,0.0004352356,0.0034449247,0.99611986
1572,B,B,9.855199e-06,0.99998105,9.118759e-06
1573,A,A,0.9894532,0.000453939,0.010092754
1574,C,C,1.2515588e-05,1.2776015e-05,0.9999747
1575,A,A,0.9999105,6.2339364e-05,2.7183427e-05
1576,B,B,7.323448e-05,0.99961156,0.00031519466
1577,A,A,0.9401039,0.00059930555,0.059296735
1578,C,C,1.6675242e-05,2.004851e-05,0.9999633
1579,C,C,8.65153e-05,6.124635e-05,0.9998522
1580,C,C,7.744249e-05,0.00011149401,0.9998111
1581,C,C,9.9255985e-06,1.1048419e-05,0.999979
1582,B,B,2.4522935e-06,0.9999969,6.1803325e-07
1583,A,A,0.9994455,0.00035973667,0.00019478466
1584,B,B,2.2351917e-06,0.99999726,4.7178304e-07
1585,C,C,1.6494492e-05,2.0161078e-05,0.9999633
1586,C,C,1.7906443e-06,4.0035557e-06,0.99999416
1587,C,C,2.698378e-05,5.1679097e-05,0.9999213
1588,A,A,0.9998517,6.0532315e-05,8.773013e-05
1589,B,B,1.8786084e-06,0.99999726,7.8041853e-07
1590,A,A,0.99836475,0.0004029365,0.0012323157
1591,C,C,1.6341399e-05,4.4910554e-05,0.9999387
1592,B,B,3.5610545e-05,0.9999443,2.0014375e-05
1593,A,A,0.9976483,5.9931175e-05,0.0022917315
1594,B,B,0.00014280596,0.99979514,6.211493e-05
1595,C,C,0.00010985833,0.0001449324,0.9997452
1596,A,A,0.99480695,0.00040832983,0.0047847116
1597,A,A,0.99770194,0.00017840388,0.0021196927
1598,B,B,7.827753e-06,0.99998975,2.3496564e-06
1599,C,C,0.00088126137,0.00040296846,0.99871576
1600,A,A,0.92707103,0.0029324493,0.06999654
1601,A,A,0.9951757,0.004578858,0.00024549858
1602,C,C,5.970114e-06,8.1565886e-05,0.9999125
1603,B,B,8.862165e-06,0.9999819,9.251244e-06
1604,A,A,0.9990777,0.00012485146,0.00079743215
1605,C,C,0.011498267,0.00047954448,0.9880222
1606,A,A,0.9995653,0.00010474364,0.00032991424
1607,A,A,0.9989942,0.00021322524,0.00079262845
1608,A,A,0.9965102,0.0013681201,0.002121654
1609,A,A,0.80385387,0.1956664,0.0004798275
1610,B,B,5.2910673e-06,0.99999213,2.6261264e-06
1611,C,C,7.27248e-05,0.000121336205,0.999806
1612,A,A,0.99989116,5.931032e-05,4.9516653e-05
1613,C,C,7.663361e-05,0.00024190272,0.9996815
1614,A,A,0.99990225,3.533702e-05,6.242232e-05
1615,C,C,5.9744616e-05,0.000111886424,0.99982834
1616,A,A,0.99622667,3.0045776e-05,0.0037432446
1617,B,B,2.0779502e-05,0.9998704,0.00010883268
1618,B,B,2.0377153e-07,0.99999976,2.5516504e-08
1619,B,B,1.5003388e-05,0.9999814,3.578131e-06
1620,C,C,9.0196045e-05,0.00021384298,0.999696
1621,C,C,7.153362e-05,6.0579958e-05,0.9998679
1622,A,A,0.9976344,0.00080843264,0.0015570736
1623,B,B,5.4336715e-06,0.9999931,1.4104245e-06
1624,C,C,4.723562e-05,9.46706e-05,0.999858
1625,C,C,3.064371e-05,7.573102e-05,0.99989367
1626,B,B,1.0966178e-05,0.9997526,0.00023649148
1627,C,C,0.00013009316,0.00010527281,0.9997646
1628,B,B,1.7539013e-06,0.999998,2.557182e-07
1629,A,A,0.99998355,5.395661e-06,1.1051197e-05
1630,C,C,1.1776265e-05,2.2625667e-05,0.99996555
1631,A,A,0.99884254,0.00030792344,0.00084958295
1632,A,A,0.9974057,0.00011288169,0.0024814205
1633,B,B,1.3853201e-05,0.9999622,2.3912982e-05
1634,B,B,8.714348e-06,0.99998057,1.07391725e-05
1635,A,A,0.964135,9.3597526e-05,0.035771433
1636,C,C,8.603207e-06,1.4822046e-05,0.9999765
1637,A,A,0.9996152,4.457256e-05,0.0003401702
1638,C,C,8.229471e-06,2.17231e-05,0.9999701
1639,A,A,0.99935085,1.1999536e-05,0.00063709915
1640,A,A,0.99993086,3.262e-05,3.6490706e-05
1641,A,A,0.99980825,5.3240474e-05,0.00013847774
1642,B,B,0.00027462316,0.9996917,3.3667737e-05
1643,B,B,0.0009327781,0.99857473,0.00049242633
1644,B,B,2.2143295e-05,0.999668,0.0003098577
1645,A,A,0.9988612,0.0008261138,0.00031270616
1646,B,B,1.3193891e-05,0.9999001,8.669785e-05
1647,C,C,7.645302e-05,4.851606e-05,0.99987507
1648,A,A,0.99900836,0.00015770596,0.0008339845
1649,B,B,2.4206652e-06,0.999997,6.412791e-07
1650,B,B,4.462925e-05,0.9989774,0.0009779518
1651,B,B,9.508669e-06,0.99998486,5.551485e-06
1652,B,B,9.52513e-07,0.99999845,5.583857e-07
1653,C,C,0.0001523519,6.745356e-05,0.99978024
1654,B,B,1.2186127e-05,0.9999751,1.275654e-05
1655,C,C,2.4951843e-05,0.000105373176,0.9998697
1656,B,B,6.9765983e-06,0.99998903,3.9534525e-06
1657,B,B,0.0003578723,0.99468493,0.0049571614
1658,C,C,0.0002460954,0.00052382646,0.99923
1659,C,C,4.2214673e-05,6.100302e-05,0.99989676
1660,C,C,8.361332e-05,0.00015739369,0.999759
1661,C,C,4.441569e-05,9.707267e-05,0.9998585
1662,A,A,0.99999654,1.1937918e-06,2.2073655e-06
1663,A,A,0.99998,6.997371e-06,1.2975097e-05
1664,C,C,0.00010402825,6.682311e-05,0.9998292
1665,B,B,6.206528e-06,0.99999166,2.0911355e-06
1666,C,C,0.00015797922,0.00013100135,0.999711
1667,C,C,6.332396e-05,0.00014361023,0.9997931
1668,B,B,2.0095382e-05,0.99997616,3.6881115e-06
1669,C,C,0.00014186317,0.00029999853,0.99955815
1670,A,A,0.9994672,0.00012283763,0.00040998159
1671,A,A,0.9995987,9.048983e-05,0.00031089556
1672,C,C,3.4427554e-05,0.00761904,0.9923465
1673,A,B,0.35749218,0.6419185,0.00058929797
1674,B,B,1.2746225e-06,0.99999833,3.028308e-07
1675,A,A,0.8357377,0.00047885964,0.16378345
1676,B,B,1.0789392e-05,0.9999769,1.2243719e-05
1677,A,A,0.99285334,0.00014373673,0.0070029646
1678,A,A,0.99993944,1.4258289e-05,4.625955e-05
1679,A,A,0.998933,0.00015173509,0.0009153114
1680,C,C,0.00012566854,0.00014962468,0.9997247
1681,A,A,0.79467076,0.00024810559,0.2050811
1682,B,B,2.2238194e-06,0.9999976,1.5177493e-07
1683,C,C,4.4889046e-05,0.00020345704,0.9997516
1684,B,B,1.8859125e-06,0.9999974,7.625693e-07
1685,A,A,0.9997174,9.380921e-05,0.00018882313
1686,C,C,0.00017389523,0.00026163636,0.99956447
1687,A,A,0.99994195,2.0143736e-05,3.7957056e-05
1688,B,B,0.00014455697,0.9990183,0.0008371197
1689,C,C,5.050476e-05,0.00044034634,0.9995091
1690,C,C,0.00010788831,6.598446e-05,0.99982613
1691,A,A,0.99993813,1.8597708e-05,4.3221797e-05
1692,C,C,4.2045995e-05,2.2247475e-05,0.99993575
1693,A,A,0.9999269,3.3365766e-05,3.971892e-05
1694,B,B,1.3561367e-06,0.99999845,1.8390354e-07
1695,C,C,0.000102887185,0.00025778144,0.9996393
1696,B,B,1.4442344e-05,0.9999356,4.9923092e-05
1697,B,B,1.2476806e-05,0.99997914,8.326307e-06
1698,C,C,0.00010267184,7.314102e-05,0.9998242
1699,A,A,0.99963677,8.9216905e-05,0.00027390395
1700,A,A,0.9988361,0.0010055118,0.00015837912
1701,C,C,0.00011297863,3.731842e-05,0.9998497
1702,B,B,3.8484955e-06,0.99999475,1.4506621e-06
1703,A,A,0.9999583,2.086266e-05,2.0869766e-05
1704,C,C,0.0009033286,0.0008746681,0.99822205
1705,A,A,0.9993525,4.9486065e-05,0.00059801474
1706,B,B,1.9797114e-06,0.9999975,4.2646127e-07
1707,B,B,1.3960887e-07,0.9999999,5.1386422e-08
1708,A,A,0.9994727,0.00010261704,0.00042478007
1709,B,B,4.9190785e-06,0.99999416,9.4540655e-07
1710,C,C,8.198215e-06,7.0532406e-05,0.9999213
1711,C,C,9.5276024e-05,4.6314948e-05,0.9998584
1712,A,A,0.9998503,6.63604e-05,8.3280094e-05
1713,A,C,0.42520294,0.0006145811,0.5741825
1714,C,C,7.745198e-05,0.00026738993,0.9996551
1715,B,B,1.6752058e-07,0.9999999,4.2303277e-08
1716,A,A,0.999811,0.00017104202,1.7938379e-05
1717,B,B,0.0007287287,0.99917334,9.79214e-05
1718,C,C,1.3348462e-05,1.4099377e-05,0.9999726
1719,C,C,7.371172e-05,8.667325e-05,0.99983954
1720,A,A,0.9995578,6.0081686e-05,0.0003821897
1721,C,C,5.4299308e-05,6.4728105e-05,0.9998809
1722,B,B,3.5848272e-05,0.999905,5.9148802e-05
1723,C,C,3.7492475e-05,4.2970616e-05,0.99991953
1724,C,C,0.00021152642,0.0003909785,0.9993975
1725,B,B,1.8637919e-06,0.99999654,1.5969704e-06
1726,A,A,0.99833775,0.001077295,0.00058497133
1727,A,A,0.93342525,0.00012840937,0.06644629
1728,A,A,0.9934523,7.407047e-05,0.0064736605
1729,A,A,0.9956327,0.0025498953,0.0018174076
1730,C,C,3.3973072e-05,3.7118767e-05,0.99992895
1731,A,A,0.56494313,0.0003238997,0.43473303
1732,B,B,1.0825314e-05,0.99986935,0.000119791766
1733,B,B,4.9959617e-06,0.99999416,8.1699443e-07
1734,A,A,0.9999492,1.5928892e-05,3.4793426e-05
1735,C,C,7.976775e-05,0.00010950518,0.99981076
1736,A,A,0.99843913,0.00094065507,0.00062020187
1737,A,A,0.9966903,0.00011599513,0.0031937505
1738,C,C,3.1981726e-05,0.00010741555,0.9998605
1739,A,A,0.99992764,2.8968885e-05,4.3407894e-05
1740,C,C,7.9554975e-06,1.4605436e-05,0.99997747
1741,B,B,8.461848e-06,0.9999809,1.0649955e-05
1742,A,C,0.36281323,0.0011119359,0.6360748
1743,C,C,0.00036096713,8.538797e-05,0.9995536
1744,B,B,3.2925152e-06,0.9999958,8.4442655e-07
1745,C,C,2.4669382e-05,2.7273465e-05,0.999948
1746,C,C,1.9828434e-05,3.2227632e-05,0.9999479
1747,B,B,6.998548e-07,0.9999989,3.3252405e-07
1748,C,C,5.381178e-05,0.00020466423,0.9997415
1749,B,B,3.1498197e-07,0.9999994,2.137705e-07
1750,C,C,0.00010613048,0.0011886164,0.99870527
1751,B,B,2.6831972e-07,0.99999976,3.7455894e-08
1752,A,A,0.9997008,3.485209e-05,0.0002644855
1753,B,B,1.9559984e-06,0.99999774,3.4182403e-07
1754,B,B,8.595401e-06,0.99999,1.478752e-06
1755,A,A,0.9999237,2.6467558e-05,4.9803042e-05
1756,C,C,5.1815256e-05,8.496822e-05,0.99986315
1757,C,C,6.697867e-05,9.404475e-05,0.99983895
1758,C,C,0.000395384,0.00015937751,0.99944526
1759,B,B,2.5768668e-07,0.9999988,9.451639e-07
1760,A,A,0.6249407,0.0008493366,0.37420994
1761,C,C,6.9296904e-05,8.425205e-05,0.99984646
1762,B,B,2.2069737e-05,0.99997294,4.9867826e-06
1763,C,C,0.0001410979,0.00041288446,0.999446
1764,C,C,0.00010334423,0.00018710064,0.99970955
1765,C,C,0.00010195168,4.7873968e-05,0.99985015
1766,A,A,0.99997854,1.2674875e-05,8.775987e-06
1767,C,C,8.6786335e-05,7.446009e-05,0.9998387
1768,C,C,0.00024162776,0.00028427516,0.9994741
1769,B,B,0.00037898665,0.99646974,0.0031513714
1770,B,B,8.637035e-06,0.99998975,1.632168e-06
1771,B,B,4.324158e-06,0.99999475,9.664598e-07
1772,B,B,3.3744834e-06,0.9999958,8.348498e-07
1773,B,B,4.134734e-05,0.99881387,0.0011448748
1774,A,A,0.9999274,3.5050286e-06,6.908515e-05
1775,C,C,0.0005899385,0.0005497096,0.99886036
1776,B,B,4.501661e-06,0.9999949,5.438894e-07
1777,C,C,2.3508806e-05,9.299801e-05,0.99988353
1778,B,B,3.600081e-05,0.99996054,3.4760142e-06
1779,B,B,2.7467674e-06,0.9999956,1.6503229e-06
1780,A,A,0.99896824,0.0009057211,0.00012602238
1781,C,C,7.2725736e-05,4.8277445e-05,0.999879
1782,A,A,0.99975127,0.00012766992,0.00012113822
1783,A,A,0.99998426,7.5177118e-06,8.168949e-06
1784,C,C,2.113233e-05,5.5965014e-05,0.9999229
1785,A,A,0.98375916,0.015952887,0.00028795353
1786,A,A,0.9972319,0.002610018,0.00015813591
1787,A,A,0.9998908,5.9356305e-05,4.9799695e-05
1788,B,B,1.839857e-05,0.99993396,4.7721805e-05
1789,C,C,0.00010339428,7.495584e-05,0.9998217
1790,B,B,0.00011267368,0.99983525,5.2082967e-05
1791,B,B,1.4845833e-07,0.9999999,4.970095e-08
1792,A,A,0.9997279,0.00013887089,0.00013327053
1793,A,A,0.99943346,2.792658e-05,0.00053858216
1794,C,C,0.00018820274,0.00021059281,0.9996012
1795,C,C,3.0837156e-05,2.8256152e-05,0.9999409
1796,B,B,0.00016677535,0.9935959,0.0062373774
1797,C,C,0.00039365236,3.5249737e-05,0.99957114
1798,B,B,2.2954514e-06,0.999997,7.000918e-07
1799,B,B,5.181468e-06,0.9999938,1.1280057e-06
1800,B,B,1.9036912e-05,0.9999727,8.236434e-06
1801,B,B,1.611978e-05,0.9999751,8.853125e-06
1802,A,A,0.9944771,0.004608822,0.0009141395
1803,B,B,0.0001611085,0.9998267,1.2185133e-05
1804,A,A,0.998092,0.00071082107,0.0011971827
1805,C,C,5.0989645e-05,8.226255e-05,0.9998667
1806,A,A,0.99993527,1.8414816e-05,4.6376677e-05
1807,B,B,0.0005023303,0.99946016,3.7532296e-05
1808,B,B,9.1549455e-06,0.9999895,1.3060229e-06
1809,C,C,1.3554539e-05,8.565518e-06,0.9999778
1810,C,C,4.7108577e-05,4.718821e-05,0.9999057
1811,B,B,1.3828803e-05,0.99998,6.1721557e-06
1812,C,C,4.549487e-05,7.4139294e-05,0.9998803
1813,B,B,1.262201e-05,0.9999857,1.6772675e-06
1814,A,A,0.99999297,3.6581112e-06,3.3639155e-06
1815,A,A,0.9999542,8.8199995e-06,3.6945097e-05
1816,A,A,0.9134842,0.00028377832,0.086232
1817,A,A,0.9977837,0.0017224123,0.00049380516
1818,C,C,6.3062966e-05,8.911039e-05,0.99984777
1819,C,C,0.0006375911,0.0005505019,0.99881196
1820,A,A,0.9989679,0.0009645882,6.752003e-05
1821,A,A,0.9999429,2.7297889e-05,2.9770143e-05
1822,C,C,0.00016376287,0.00023421536,0.999602
1823,C,C,3.8989197e-05,5.0988398e-05,0.99991
1824,B,B,2.1858923e-06,0.99999714,6.831449e-07
1825,B,B,7.562155e-05,0.99976426,0.00016003451
1826,B,B,2.4501915e-05,0.99994373,3.1727584e-05
1827,B,B,3.378745e-05,0.9999366,2.9668008e-05
1828,C,C,0.00017902556,9.834642e-05,0.99972266
1829,A,A,0.99934167,0.00017682518,0.0004815747
1830,B,B,1.3014292e-07,0.99999976,6.0113145e-08
1831,A,A,0.9995944,0.00012238153,0.0002832639
1832,A,A,0.99994814,1.9357922e-05,3.2566415e-05
1833,C,C,0.00031020425,0.00025239371,0.9994374
1834,A,A,0.90634197,0.000780579,0.09287741
1835,B,B,1.1266004e-05,0.99997497,1.3709281e-05
1836,A,A,0.99979836,7.388738e-05,0.00012781445
1837,C,C,1.0542002e-05,2.8500346e-05,0.9999609
1838,B,B,0.00021296821,0.99861526,0.0011717107
1839,C,C,5.0498085e-05,8.426495e-05,0.9998652
1840,A,A,0.9958545,7.293933e-05,0.004072627
1841,C,C,0.00021955704,0.00020362157,0.99957687
1842,A,A,0.93661755,0.010787024,0.052595366
1843,B,B,3.665466e-05,0.999944,1.9430103e-05
1844,B,B,2.9230163e-05,0.9999286,4.2156033e-05
1845,A,A,0.9999124,4.00223e-05,4.7501922e-05
1846,C,C,0.00015871362,9.859669e-05,0.9997427
1847,A,A,0.9998716,2.862173e-05,9.9712706e-05
1848,B,B,8.185862e-07,0.9999989,2.1195679e-07
1849,C,C,6.19877e-06,1.1187876e-05,0.9999826
1850,C,C,4.338386e-05,3.0572897e-05,0.9999261
1851,B,B,2.8066515e-06,0.9999956,1.4998529e-06
1852,B,B,2.2371455e-06,0.9999975,2.4604458e-07
1853,C,C,7.6362565e-05,0.00026525202,0.99965835
1854,C,C,0.00017088343,0.013358961,0.98647016
1855,C,C,5.5679433e-05,0.00019546597,0.9997489
1856,C,C,4.4594915e-05,2.949006e-05,0.99992585
1857,A,A,0.99975234,2.2058239e-05,0.00022558165
1858,A,A,0.99963593,1.3744606e-05,0.00035037915
1859,C,C,2.8053404e-05,6.643195e-05,0.99990547
1860,C,C,0.00015995005,6.389224e-05,0.9997762
1861,B,B,2.4631897e-06,0.9999957,1.7419818e-06
1862,B,B,2.9684984e-06,0.9999951,1.855362e-06
1863,C,C,0.0003685965,0.00029737962,0.99933404
1864,A,A,0.9999734,1.734157e-05,9.26159e-06
1865,A,A,0.9988299,8.182245e-05,0.001088284
1866,C,C,2.2992385e-06,5.76514e-06,0.9999919
1867,B,B,4.165793e-05,0.9999206,3.7829042e-05
1868,C,C,2.8986802e-05,0.00010313669,0.9998679
1869,C,C,8.422676e-05,0.00016918163,0.9997466
1870,A,A,0.79096335,0.0017061572,0.20733039
1871,B,B,4.1269024e-05,0.99970967,0.00024907567
1872,A,A,0.99995255,3.8523598e-05,8.9152245e-06
1873,A,A,0.9990958,0.0001446112,0.0007596237
1874,C,C,2.7496097e-05,4.2887576e-05,0.99992967
1875,A,A,0.99982613,0.00016890072,5.055184e-06
1876,C,C,3.026723e-06,4.8661896e-06,0.99999213
1877,B,B,1.9680156e-05,0.9999672,1.31565785e-05
1878,A,A,0.9993662,0.0002945292,0.00033929016
1879,C,C,0.0012805213,0.0007500118,0.99796945
1880,A,A,0.99075425,0.008961245,0.0002845783
1881,B,B,8.489237e-05,0.9997092,0.00020594985
1882,B,B,5.869373e-06,0.9999926,1.5513316e-06
1883,A,A,0.9999316,9.2897835e-06,5.909613e-05
1884,A,A,0.99898404,0.00034742232,0.00066859747
1885,A,A,0.99771047,0.000594774,0.0016947243
1886,A,A,0.99994206,1.9083735e-05,3.8833852e-05
1887,B,B,2.3152159e-05,0.99997175,5.1810575e-06
1888,B,B,4.2355305e-06,0.99999404,1.7260575e-06
1889,B,B,2.495871e-09,1.0,9.966803e-10
1890,C,C,6.1315177e-06,1.7514107e-05,0.9999764
1891,A,A,0.9996592,0.00018390437,0.00015696426
1892,A,A,0.9989512,0.00018468687,0.0008640639
1893,C,C,2.4901812e-05,0.000121229816,0.99985385
1894,A,A,0.9978144,0.00060137064,0.0015842057
1895,A,A,0.99482524,0.0049969903,0.00017781348
1896,B,B,0.0009341176,0.992358,0.006707849
1897,A,A,0.99941194,0.0001637444,0.0004243664
1898,C,C,7.1620314e-05,0.00019216536,0.99973625
1899,A,A,0.9997191,8.206393e-05,0.00019879149
1900,C,C,1.0275252e-05,1.36275e-05,0.99997604
1901,C,C,1.7671082e-05,3.0412639e-05,0.99995196
1902,C,C,0.00031611018,0.0006648433,0.999019
1903,B,B,1.0487938e-05,0.9999443,4.512611e-05
1904,A,A,0.8190615,0.010261552,0.1706769
1905,B,B,0.00049233634,0.99914193,0.00036563928
1906,A,A,0.999915,4.0667754e-05,4.437218e-05
1907,B,B,4.45442e-06,0.9999653,3.0329425e-05
1908,C,C,7.1274203e-06,8.120483e-05,0.99991167
1909,C,C,7.452984e-05,4.4012675e-05,0.9998814
1910,B,B,0.0133011015,0.986578,0.00012089326
1911,A,A,0.999728,5.5978504e-05,0.00021592207
1912,C,C,4.722075e-05,5.0061233e-05,0.9999027
1913,C,C,1.969095e-05,4.849522e-05,0.9999318
1914,B,B,9.2130256e-05,0.9998672,4.062321e-05
1915,A,A,0.9990049,0.00043352327,0.0005616782
1916,A,A,0.9987633,0.00023924698,0.0009974425
1917,C,C,6.6970606e-05,0.0022507408,0.9976822
1918,A,A,0.9694428,0.0011720232,0.029385073
1919,C,C,0.00011545384,0.000112328526,0.99977225
1920,B,B,2.770172e-07,0.99999964,1.2880186e-07
1921,C,C,2.4771722e-05,7.959001e-05,0.9998956
1922,C,C,8.5264866e-05,5.4791504e-05,0.9998599
1923,C,C,1.988267e-05,0.00031710378,0.999663
1924,C,C,9.036829e-06,1.919138e-05,0.99997175
1925,C,C,0.00016076515,0.0002280249,0.9996112
1926,B,B,1.6048529e-05,0.9999807,3.2349815e-06
1927,B,B,2.6996911e-05,0.99982905,0.00014384868
1928,C,C,1.21228795e-05,1.3200136e-05,0.9999747
1929,A,A,0.99964964,0.00016918879,0.00018118291
1930,A,A,0.9990872,0.00020997348,0.0007028052
1931,B,B,1.49214175e-05,0.99996173,2.3404049e-05
1932,C,C,0.00013279838,0.00047059383,0.99939656
1933,A,A,0.99991393,2.99838e-05,5.603223e-05
1934,B,B,8.842674e-06,0.9999888,2.375495e-06
1935,B,B,8.300225e-06,0.9999851,6.563164e-06
1936,C,C,3.636732e-05,6.65671e-05,0.999897
1937,A,A,0.99987805,8.179091e-05,4.0111714e-05
1938,C,C,0.000110264366,0.000108909204,0.99978083
1939,C,C,0.001187016,3.422122e-05,0.99877876
1940,B,B,2.0029811e-05,0.99996376,1.6177133e-05
1941,A,A,0.9997961,0.00016969985,3.423792e-05
1942,B,B,2.8804858e-05,0.9997626,0.0002085298
1943,A,A,0.9996842,0.00016011862,0.00015564956
1944,C,C,5.7799654e-05,7.568145e-05,0.9998665
1945,C,C,1.9021594e-05,2.1736874e-05,0.99995923
1946,B,B,0.00010629883,0.9978265,0.0020671708
